Label,Males - Total (no.),Females - Total (no.),Persons - Total (no.),Median Household Weekly Income,Non-School Qualifications (%),Postgraduate Degree (%),Graduate Diploma/Graduate Certificate (%),Bachelor Degree (%),Advanced Diploma/Diploma (%),Certificate (%),Non-School Qualifications - Inadequately described (%),Employed (no.),Unemployed (no.),Labour Force (no.),Unemployment rate (%),Participation rate (%),Not in the Labour Force (%),Labour Force Status not stated (%),Total population aged 15 years and over (no.),Weekly median advertised rent
Abbotsbury,9894,9889,19783,822,46.7,2.0,0.7,11.1,8.6,17.2,7.2,8074,558,8632,6.5,55.7,40.3,4.0,15498,575
Abbotsford,10527,11360,21887,1273,67.2,8.3,2.6,22.2,10.1,13.9,10.1,10386,442,10828,4.1,64.0,29.6,6.4,16929,885
Abermain,9267,9356,18623,685,49.7,0.6,0.5,4.1,5.5,28.1,10.8,6877,722,7599,9.5,54.2,39.0,6.8,14033,350
Acacia Gardens,2029,1935,3964,1215,64.9,7.9,1.8,22.4,10.3,17.3,5.3,2070,108,2178,5.0,75.2,22.4,2.6,2897,523
Adamstown,8017,8008,16025,946,64.2,5.0,2.3,18.5,10.5,22.0,6.0,7608,473,8081,5.9,64.7,32.5,2.8,12492,450
Albion Park,7459,7788,15247,897,58.0,1.7,1.2,7.9,9.1,30.0,8.1,6881,408,7289,5.6,65.2,31.0,3.8,11174,490
Albion Park Rail,3406,3524,6930,722,55.7,0.8,0.7,5.2,7.4,29.0,12.7,2906,228,3134,7.3,55.6,36.4,8.0,5634,440
Albury,6015,6370,12386,828,61.2,3.0,2.4,13.0,9.0,22.9,10.9,5446,358,5804,6.4,60.4,32.1,7.6,9506,350
Alexandria,9537,8982,18519,1745,79.8,14.1,3.6,33.2,9.3,9.4,10.2,11056,400,11456,3.5,79.1,12.4,8.5,14483,800
Alfords Point,5281,5412,10693,1274,63.2,5.1,1.9,18.8,11.1,21.0,5.2,5791,219,6010,3.6,69.5,28.4,2.1,8650,750
Allambie Heights,8949,9199,18148,1244,69.8,7.3,2.9,23.2,11.5,16.3,8.6,8481,323,8804,3.7,67.8,27.3,5.0,12991,940
Allawah,8666,8484,17150,934,61.6,7.9,1.5,20.8,10.6,13.2,7.7,7924,527,8451,6.2,63.7,31.6,4.7,13261,605
Anna Bay,2914,2992,5906,702,61.4,1.7,1.5,8.9,8.9,27.5,13.0,2375,164,2539,6.5,53.0,38.1,8.9,4787,450
Annandale,13752,14632,28384,1515,74.5,12.9,3.6,29.1,9.1,10.1,9.8,14468,621,15089,4.1,70.4,22.2,7.4,21437,810
Appin,5559,5352,10911,1122,62.8,2.7,1.6,11.1,10.7,28.2,8.3,4961,143,5104,2.8,69.1,26.4,4.5,7391,430
Armidale,11838,12666,24504,772,61.5,8.4,2.7,14.7,7.2,17.2,11.3,9636,876,10512,8.3,54.7,37.5,7.8,19225,340
Arncliffe,13287,12904,26191,1006,64.1,10.0,1.6,23.3,9.2,10.4,9.6,10990,781,11771,6.6,63.7,29.5,6.7,18470,625
Arrawarra,6639,6611,13250,662,57.3,1.6,1.6,10.8,8.7,22.5,12.1,4863,404,5267,7.7,51.2,40.8,8.0,10280,0
Artarmon,15026,16230,31256,1184,70.6,14.2,2.4,30.4,8.7,6.4,8.5,13611,895,14506,6.2,61.3,32.9,5.8,23676,983
Ashbury,5737,5926,11663,1068,63.5,8.7,2.7,21.1,9.6,13.3,8.1,5322,269,5591,4.8,64.3,30.0,5.7,8697,680
Ashcroft,8999,9295,18294,491,40.5,0.9,0.3,4.2,5.7,14.4,15.1,4522,767,5289,14.5,40.2,49.1,10.6,13142,380
Ashfield,13198,13185,26383,996,67.6,11.4,2.3,25.5,9.1,9.2,10.2,12553,936,13489,6.9,62.8,30.4,6.8,21464,600
Asquith,9743,9904,19647,1163,68.6,7.6,2.8,21.5,11.8,19.1,5.9,9611,416,10027,4.1,69.7,27.5,2.8,14390,580
Auburn,7650,6038,13689,616,46.4,5.6,0.8,14.2,7.5,8.4,9.8,4649,674,5324,12.3,53.4,40.0,6.5,9943,470
Austinmer,5899,6055,11954,1156,72.6,10.2,3.8,21.8,10.8,18.4,7.5,5504,255,5759,4.4,64.0,31.4,4.7,9000,730
Austral,4718,4405,9123,782,48.4,1.1,0.5,6.9,5.9,21.0,13.0,3851,212,4063,5.2,56.0,35.3,8.6,7261,530
Avalon,6410,6631,13041,1237,69.1,6.6,2.7,22.0,13.1,16.6,8.1,6116,242,6358,3.8,62.9,32.6,4.4,10101,0
Avoca Beach,3929,3804,7733,1043,68.8,4.8,2.7,18.8,12.5,22.2,7.7,3630,213,3843,5.5,67.0,28.7,4.5,5738,600
Avondale,11960,12563,24523,730,53.2,1.5,1.1,6.7,7.8,27.5,8.6,9656,801,10457,7.7,54.9,40.7,4.4,19047,450
Awaba,6680,7088,13768,747,58.2,3.1,1.3,10.7,8.6,24.2,10.3,5288,454,5742,7.9,50.9,43.3,5.7,11288,0
Badgerys Creek,23,39,62,767,48.1,0.0,0.0,0.0,5.8,9.6,26.9,20,0,20,0.0,38.5,48.1,9.6,52,0
Balgowlah,10451,11069,21520,1612,73.3,10.3,3.2,30.2,11.0,10.9,7.9,9916,369,10285,3.6,66.8,28.6,4.6,15391,1015
Balgownie,10985,11298,22283,790,60.5,5.7,1.9,14.6,9.3,20.7,8.3,9030,708,9738,7.3,55.2,40.2,4.6,17636,500
Ballina,8537,9506,18043,670,59.1,2.0,1.6,10.6,8.6,22.2,14.1,6346,440,6786,6.5,45.8,44.7,9.5,14801,500
Balmain,8254,8944,17198,1797,78.9,15.7,3.9,31.3,8.9,7.9,11.2,8376,347,8723,4.0,67.3,23.6,9.1,12952,865
Bangalow,3072,3168,6240,838,70.6,5.1,2.4,19.5,11.5,17.1,15.2,2582,130,2712,4.8,58.9,29.6,11.6,4603,675
Banksia,11421,10716,22137,903,62.6,8.6,1.2,21.2,9.1,10.7,11.7,10103,791,10894,7.3,63.4,29.2,7.5,17182,600
Banksmeadow,14,7,21,0,42.9,0.0,0.0,14.3,0.0,19.0,14.3,15,0,15,0.0,71.4,0.0,0.0,21,0
Bankstown,8577,8678,17255,619,51.2,4.8,0.8,14.3,8.5,11.4,11.4,5771,703,6474,10.9,51.4,40.2,8.4,12591,500
Banora Point,7544,8528,16072,698,53.8,1.4,1.3,8.3,9.0,23.8,10.1,6221,419,6640,6.3,50.3,44.6,5.1,13195,570
Bardwell Park,6687,6882,13569,904,56.0,5.2,1.5,17.7,10.0,14.3,7.3,5752,342,6094,5.6,58.9,36.8,4.3,10350,720
Bardwell Valley,13287,12904,26191,1006,64.1,10.0,1.6,23.3,9.2,10.4,9.6,10990,781,11771,6.6,63.7,29.5,6.7,18470,0
Bargo,3047,2918,5965,868,55.9,1.5,1.0,6.3,8.6,29.4,9.2,2718,125,2843,4.4,62.8,31.7,5.7,4524,450
Barnsley,3351,3417,6768,807,53.7,1.2,0.8,5.8,7.1,32.0,6.9,3006,234,3240,7.2,62.7,33.3,4.0,5166,0
Bass Hill,11756,11808,23564,656,47.5,2.4,0.7,9.5,8.1,16.6,10.3,7683,738,8421,8.8,49.8,44.7,5.5,16922,560
Bateau Bay,10780,11841,22621,755,57.0,1.6,1.0,8.9,8.6,25.6,11.2,9330,631,9961,6.3,55.8,37.4,6.8,17856,455
Batemans Bay,4030,4212,8242,639,57.6,2.0,1.8,8.0,7.8,24.0,14.2,2701,245,2946,8.3,43.3,47.7,9.1,6809,375
Bathurst,9146,9254,18400,827,59.8,2.6,1.8,11.2,8.0,24.2,11.8,7674,515,8189,6.2,59.4,33.9,6.8,13997,340
Baulkham Hills,11432,11719,23152,1179,67.6,9.9,2.2,23.0,11.2,15.0,6.2,10893,578,11472,5.0,67.4,29.8,2.8,17033,560
Bayview,5587,5731,11318,1197,69.2,6.5,2.2,19.9,12.4,17.3,11.0,5019,165,5184,3.2,58.9,34.8,6.3,8797,1100
Beacon Hill,7339,7492,14831,1035,62.0,4.7,1.8,16.9,10.8,19.3,8.6,6746,251,6997,3.6,63.1,32.3,4.6,11094,875
Beaconsfield,20784,19467,40251,1176,69.2,11.5,1.9,25.6,8.1,9.0,13.0,17051,1279,18330,7.0,60.6,29.2,10.2,30235,890
Beaumont Hills,13878,13950,27828,1290,64.5,6.9,1.9,21.0,11.4,17.4,5.9,11849,519,12368,4.2,73.6,23.2,3.2,16803,620
Bega,4380,4417,8797,663,60.8,2.5,2.2,11.1,8.2,24.0,12.8,3594,208,3802,5.4,53.6,38.8,7.7,7093,350
Belfield,10074,10173,20247,737,51.2,4.2,1.0,13.7,8.9,14.1,9.3,7987,623,8610,7.2,55.5,39.0,5.5,15510,550
Bella Vista,10641,11025,21666,1240,67.0,9.7,2.2,23.7,11.7,14.5,5.2,10591,574,11165,5.1,69.2,28.5,2.4,16144,740
Bellambi,7752,8246,15998,748,57.8,3.2,1.5,11.0,9.2,24.0,8.8,6596,520,7116,7.3,56.0,39.3,4.8,12718,440
Bellevue Hill,12756,14242,26998,1853,76.3,12.7,2.6,32.4,8.6,6.7,13.3,12832,433,13265,3.3,62.3,27.5,10.2,21296,1888
Bellingen,2874,3161,6035,648,67.5,4.4,2.8,17.2,11.1,21.3,10.9,2256,176,2432,7.2,53.2,40.1,6.6,4568,420
Belmont,9010,9293,18303,788,58.8,1.9,1.3,10.6,8.7,27.0,9.2,7657,565,8222,6.9,56.7,38.3,5.0,14496,400
Belmont South,2806,2924,5730,671,53.4,1.2,1.0,7.4,7.7,27.2,9.1,2241,206,2447,8.4,51.4,43.9,4.6,4758,385
Belmore,10074,10173,20247,737,51.2,4.2,1.0,13.7,8.9,14.1,9.3,7987,623,8610,7.2,55.5,39.0,5.5,15510,550
Belrose,13019,13356,26375,1248,66.6,6.8,2.3,21.4,12.5,16.3,7.3,12145,493,12638,3.9,64.1,32.2,3.6,19702,998
Bennetts Green,9010,9293,18303,788,58.8,1.9,1.3,10.6,8.7,27.0,9.2,7657,565,8222,6.9,56.7,38.3,5.0,14496,0
Berala,5072,4520,9592,687,47.1,3.8,0.8,15.7,7.9,11.4,7.4,3694,415,4109,10.1,56.3,39.9,3.8,7304,450
Beresfield,4178,4315,8493,654,45.6,0.8,0.5,4.3,5.6,24.7,9.8,3185,404,3589,11.3,52.7,41.6,5.7,6810,360
Berkeley,7251,7405,14656,625,47.9,1.3,0.6,5.9,7.1,22.4,10.6,5007,519,5526,9.4,49.7,44.6,5.7,11108,428
Bermagui,4485,4713,9198,594,61.3,2.4,2.1,9.9,8.4,23.9,14.6,2841,177,3018,5.9,38.5,52.8,8.7,7834,0
Berowra,6091,6002,12093,1150,68.6,6.9,2.8,19.8,11.7,21.1,6.3,6169,243,6412,3.8,70.1,26.8,3.0,9142,628
Berrara,2270,2206,4476,537,54.1,1.1,0.9,5.3,6.5,28.6,11.8,1226,100,1326,7.5,34.4,60.0,5.7,3858,0
Berridale,3906,3267,7173,906,68.4,3.1,1.7,12.7,9.8,28.2,12.6,3899,73,3972,1.8,69.6,21.2,9.2,5709,393
Berrima,5105,5400,10505,780,59.6,3.4,1.9,11.3,8.8,23.7,10.5,4283,163,4446,3.7,55.7,38.1,6.2,7986,0
Berry,4471,4650,9121,747,66.6,4.4,2.3,14.0,10.4,22.0,13.4,3452,107,3559,3.0,47.1,44.9,7.9,7553,530
Beverly Hills,7202,7515,14717,784,54.9,5.8,1.2,17.3,9.0,12.8,8.7,5962,491,6453,7.6,56.4,39.1,4.4,11439,598
Bexley,14248,14214,28462,867,58.5,6.7,1.2,17.8,9.4,12.9,10.5,12204,862,13066,6.6,60.1,33.2,6.7,21753,600
Bidwill,9236,9732,18968,597,41.8,1.1,0.3,4.9,5.3,16.8,13.2,5760,872,6632,13.1,48.1,42.9,9.0,13786,330
Bilgola,6930,7029,13959,1239,70.6,6.6,2.6,22.6,13.7,18.6,6.7,6910,236,7146,3.3,67.4,29.1,3.5,10603,0
Bilpin,1435,1355,2790,843,67.3,3.4,1.7,9.5,8.7,25.6,18.1,1214,69,1283,5.4,57.2,28.6,14.0,2243,0
Birrong,11221,11173,22394,642,47.0,2.9,0.7,11.6,7.8,14.5,9.5,7532,804,8336,9.6,51.4,42.6,6.0,16214,490
Blackheath,2838,2960,5798,723,69.2,7.0,3.2,18.2,11.1,19.4,10.3,2304,137,2441,5.6,52.2,40.5,7.2,4677,400
Blacksmiths,2806,2924,5730,671,53.4,1.2,1.0,7.4,7.7,27.2,9.1,2241,206,2447,8.4,51.4,43.9,4.6,4758,430
Blacktown,8527,8266,16793,828,56.1,5.7,1.0,14.8,9.1,16.8,8.7,7120,604,7724,7.8,61.3,33.6,5.1,12590,395
Blackwall,7009,7460,14469,686,55.6,2.7,1.4,9.2,8.3,22.0,11.9,5289,474,5763,8.2,48.8,44.3,6.8,11801,375
Blakehurst,12664,13038,25702,930,60.9,8.9,1.4,22.1,10.1,11.4,7.0,11248,850,12098,7.0,60.2,36.0,3.8,20107,750
Blaxland,9630,9907,19537,1109,69.1,7.0,3.5,19.4,11.6,21.2,6.5,9529,382,9911,3.9,65.6,30.8,3.6,15108,450
Blayney,3667,3685,7352,767,57.8,1.9,1.5,9.5,7.4,24.9,12.5,3235,200,3435,5.8,59.6,33.1,7.4,5760,295
Bligh Park,7673,7964,15637,912,54.0,1.9,1.0,7.6,8.1,27.2,8.3,7632,407,8039,5.1,66.3,28.5,5.1,12120,425
Blue Haven,5525,5890,11415,697,48.7,0.5,0.5,4.3,6.7,27.6,9.1,4551,468,5019,9.3,59.3,36.0,4.7,8461,393
Boambee,9644,10338,19982,695,58.5,2.1,1.7,11.0,8.9,25.3,9.6,8004,689,8693,7.9,54.9,39.7,5.5,15841,385
Bolton Point,4241,4442,8683,710,55.8,1.6,1.3,7.9,7.7,26.2,11.1,3315,385,3700,10.4,52.4,40.4,7.2,7065,385
Bomaderry,7918,8293,16211,721,61.2,2.3,1.9,10.1,9.9,25.6,11.4,6446,390,6836,5.7,53.1,40.1,6.9,12881,398
Bombala,1234,1181,2415,704,50.8,1.1,0.8,8.1,6.6,22.3,12.1,1067,50,1117,4.5,56.1,36.4,7.4,1991,280
Bondi,10022,10126,20148,1577,78.1,11.7,2.4,31.2,9.5,9.7,13.8,10413,406,10819,3.8,69.4,20.1,10.5,15587,1150
Bondi Beach,11791,11878,23669,1582,78.9,10.7,2.6,32.5,8.8,8.8,15.4,11873,455,12328,3.7,70.3,17.4,12.4,17544,1180
Bondi Junction,8867,9747,18614,1452,76.4,11.2,2.4,29.3,8.7,8.4,16.2,8633,370,9003,4.1,62.8,24.4,12.8,14331,946
Bonnells Bay,4494,4747,9241,754,60.6,2.8,1.6,9.9,10.5,27.4,8.5,3596,295,3891,7.6,54.9,41.1,4.0,7092,390
Bonny Hills,8675,9160,17835,609,58.5,1.6,1.3,8.3,8.5,26.6,12.2,5492,453,5945,7.6,41.4,51.9,6.7,14367,430
Bonnyrigg,8355,8502,16857,679,39.7,1.4,0.5,9.6,7.6,13.9,6.7,6197,668,6865,9.7,53.3,43.0,3.7,12883,478
Bonnyrigg Heights,8355,8502,16857,679,39.7,1.4,0.5,9.6,7.6,13.9,6.7,6197,668,6865,9.7,53.3,43.0,3.7,12883,480
Booker Bay,11918,12754,24672,705,57.0,2.5,1.2,8.7,8.8,23.9,11.9,9178,775,9953,7.8,50.4,42.6,6.9,19735,470
Boolaroo,6582,7159,13741,849,60.6,3.1,1.8,13.3,10.0,24.1,8.3,6103,408,6511,6.3,58.8,37.0,4.3,11080,448
Bossley Park,9894,9889,19783,822,46.7,2.0,0.7,11.1,8.6,17.2,7.2,8074,558,8632,6.5,55.7,40.3,4.0,15498,480
Botany,6286,6153,12439,1168,63.1,5.9,1.5,16.1,10.4,17.8,11.3,5633,229,5862,3.9,68.2,23.4,8.4,8592,780
Bourke,2042,2019,4061,735,53.7,1.2,0.6,7.3,6.5,15.2,22.9,1414,149,1563,9.5,50.9,33.1,16.0,3072,250
Bowral,6231,7228,13459,890,66.7,6.1,2.8,17.3,12.2,17.5,10.8,4972,205,5177,4.0,47.4,46.7,5.8,10929,550
Bradbury,9652,10233,19885,772,50.4,1.8,0.8,7.1,7.9,23.2,9.6,7685,752,8437,8.9,58.1,35.8,6.1,14512,380
Braidwood,2091,2058,4149,719,66.9,5.3,2.4,12.8,8.5,21.3,16.5,1646,73,1719,4.2,53.4,35.2,11.7,3222,400
Branxton,5526,5491,11017,966,59.7,1.6,1.2,8.8,8.3,29.4,10.4,4775,293,5068,5.8,64.8,28.7,6.6,7824,350
Brewarrina,2042,2019,4061,735,53.7,1.2,0.6,7.3,6.5,15.2,22.9,1414,149,1563,9.5,50.9,33.1,16.0,3072,0
Broadmeadow,6269,6179,12448,878,64.0,5.8,2.6,19.6,8.6,17.8,9.6,5674,465,6139,7.6,61.2,32.3,6.5,10034,415
Broken Hill,8651,9083,17734,648,51.3,1.3,1.2,6.0,5.4,23.0,14.3,6902,668,7570,8.8,51.3,41.2,7.6,14767,260
Bronte,10022,10126,20148,1577,78.1,11.7,2.4,31.2,9.5,9.7,13.8,10413,406,10819,3.8,69.4,20.1,10.5,15587,1335
Brooklyn,6091,6002,12093,1150,68.6,6.9,2.8,19.8,11.7,21.1,6.3,6169,243,6412,3.8,70.1,26.8,3.0,9142,550
Brookvale,11526,11550,23076,1423,72.4,8.3,2.5,25.8,11.5,15.3,8.9,11778,384,12162,3.2,72.0,21.8,6.2,16881,790
Broulee,1722,1748,3470,713,64.4,2.7,3.3,12.6,9.1,23.6,13.2,1235,56,1291,4.3,46.3,45.8,8.0,2789,450
Brunswick Heads,4143,4621,8764,685,67.4,3.6,2.5,14.9,11.3,21.8,13.4,3454,294,3748,7.8,54.8,35.9,9.2,6835,650
Bucca,2001,2014,4015,752,64.2,2.5,1.8,10.2,9.6,27.7,12.3,1735,116,1851,6.3,60.4,31.5,8.4,3065,0
Budgewoi,4836,4899,9735,649,54.3,1.0,0.8,5.8,7.8,28.0,11.0,3585,344,3929,8.8,50.5,43.3,6.2,7779,350
Buff Point,4836,4899,9735,649,54.3,1.0,0.8,5.8,7.8,28.0,11.0,3585,344,3929,8.8,50.5,43.3,6.2,7779,390
Bulahdelah,2397,2370,4767,610,52.3,1.4,1.0,6.4,7.5,24.1,12.1,1857,141,1998,7.1,50.4,42.8,6.9,3962,350
Bulli,10144,10792,20936,948,64.0,5.3,2.5,14.4,10.4,23.1,8.2,9070,443,9513,4.7,60.6,34.8,4.6,15693,593
Bundeena,12675,12674,25349,1210,69.2,5.1,2.2,16.9,12.1,22.4,10.6,12938,447,13385,3.3,66.7,26.0,7.3,20062,600
Buronga,3134,3016,6150,691,54.0,0.9,1.2,7.2,6.9,21.6,16.2,2377,168,2545,6.6,52.8,36.8,10.4,4817,0
Burraneer,4080,4251,8331,1282,66.8,4.7,2.0,19.0,13.0,20.0,7.9,4096,103,4199,2.5,67.7,28.5,3.7,6198,1125
Burwood,13209,13850,27059,875,61.4,11.1,1.7,24.0,8.5,7.9,8.2,11332,1070,12402,8.6,57.3,37.4,5.3,21644,650
Busby,8999,9295,18294,491,40.5,0.9,0.3,4.2,5.7,14.4,15.1,4522,767,5289,14.5,40.2,49.1,10.6,13142,360
Buxton,8857,8977,17834,909,59.2,2.4,1.3,8.2,8.7,27.3,11.3,7892,412,8304,5.0,62.8,30.1,7.1,13216,410
Byron Bay,5056,5455,10511,845,72.1,4.4,2.3,19.1,9.6,17.4,19.2,4307,267,4574,5.8,56.1,27.8,16.1,8147,780
Cabarita,11435,12271,23706,1239,65.1,8.3,2.3,22.1,10.3,14.5,7.7,10817,477,11294,4.2,62.7,32.8,4.6,18005,1100
Cabramatta,12900,12973,25873,549,34.8,1.3,0.4,8.3,5.9,9.9,9.0,8578,1425,10003,14.2,49.3,45.4,5.3,20280,400
Cabramatta West,9082,9245,18327,613,39.7,1.3,0.4,8.0,6.6,14.6,8.9,6150,784,6934,11.3,50.9,43.2,5.9,13630,400
Calga,2564,2374,4938,893,62.0,2.8,1.4,11.2,9.7,23.1,13.9,2249,85,2334,3.6,59.0,31.1,9.8,3955,0
Callala Bay,1871,1860,3731,608,60.1,2.1,1.3,8.7,8.8,26.7,12.2,1261,98,1359,7.2,43.8,48.9,7.0,3104,370
Cambridge Park,8071,8054,16125,915,51.7,1.8,0.7,6.8,7.7,26.7,7.9,7747,442,8189,5.4,66.3,29.2,4.6,12357,380
Camden,6488,6954,13442,1040,62.5,3.3,1.9,12.6,10.1,24.5,10.1,6258,212,6470,3.3,62.4,32.5,5.1,10375,420
Cameron Park,7408,7850,15258,886,55.9,2.0,1.0,8.8,8.2,27.9,8.0,6708,388,7096,5.5,65.3,29.9,4.8,10864,510
Cammeray,9711,10929,20640,1727,79.9,13.9,3.7,33.9,10.7,8.2,9.5,10848,423,11271,3.8,70.3,22.9,6.8,16032,1150
Campbelltown,10171,10150,20321,807,55.3,3.5,1.1,11.9,8.7,19.3,10.8,7877,669,8546,7.8,58.0,35.4,6.6,14735,380
Camperdown,13934,14421,28355,1335,72.4,12.8,3.1,31.5,7.0,7.3,10.7,14582,948,15530,6.1,68.4,22.5,9.1,22709,750
Campsie,16987,16605,33592,722,52.6,6.5,1.1,16.8,9.0,10.4,8.9,13768,1296,15064,8.6,58.3,36.0,5.7,25835,540
Canley Heights,10984,11037,22021,588,35.7,1.4,0.3,9.1,6.1,11.3,7.5,7384,1086,8470,12.8,50.4,44.9,4.7,16822,450
Canley Vale,10984,11037,22021,588,35.7,1.4,0.3,9.1,6.1,11.3,7.5,7384,1086,8470,12.8,50.4,44.9,4.7,16822,410
Canterbury,11362,11265,22627,895,58.0,7.6,1.9,19.0,9.3,11.9,8.5,9545,782,10327,6.7,61.3,33.0,5.7,17266,580
Cardiff,11829,12255,24084,867,59.5,3.3,1.7,12.7,8.7,25.5,7.7,10899,773,11672,6.6,61.9,34.1,4.0,18851,400
Caringbah,6117,6484,12601,1015,63.6,3.9,1.9,14.8,11.8,22.2,9.1,6048,225,6273,3.6,65.5,29.2,5.3,9573,700
Caringbah South,6262,6443,12705,1188,64.8,4.3,2.3,17.5,11.9,21.3,7.4,5973,192,6165,3.1,64.1,32.6,3.4,9611,750
Carlingford,15027,15341,30368,1004,65.8,11.2,2.3,24.5,10.0,11.3,6.6,12463,850,13313,6.4,59.9,36.7,3.5,22239,605
Carlton,8666,8484,17150,934,61.6,7.9,1.5,20.8,10.6,13.2,7.7,7924,527,8451,6.2,63.7,31.6,4.7,13261,575
Carrington,4238,4252,8490,954,68.2,6.3,2.7,21.1,9.3,19.7,9.0,4231,298,4529,6.6,66.6,27.1,6.3,6803,0
Cartwright,6213,6220,12433,545,44.3,1.5,0.4,6.6,7.0,15.6,13.3,3425,459,3884,11.8,43.5,47.6,9.0,8937,388
Casino,6116,6444,12560,594,47.5,0.7,0.6,5.0,5.2,23.4,12.5,4209,402,4611,8.7,47.4,45.2,7.3,9736,320
Castle Cove,13144,13888,27032,1612,72.0,12.7,3.1,31.0,9.6,8.5,7.0,11959,511,12470,4.1,63.4,32.3,4.3,19654,1000
Castle Hill,4075,4261,8337,1188,67.6,9.7,2.3,24.0,10.8,12.8,8.1,3880,206,4087,5.0,63.2,31.9,4.9,6414,650
Castlereagh,13392,13797,27189,1047,56.2,3.2,1.1,10.5,9.2,24.4,7.9,12193,588,12781,4.6,70.5,24.2,5.3,18124,750
Casula,8214,8607,16821,814,54.5,3.4,1.0,13.1,9.6,17.0,10.3,6595,535,7130,7.5,58.0,35.1,6.9,12297,485
Caves Beach,5875,6120,11995,722,57.5,2.2,1.7,9.8,8.3,26.2,9.3,4619,374,4993,7.5,51.4,43.9,4.7,9710,475
Cecil Hills,3656,3647,7303,976,51.5,2.8,1.0,14.2,9.5,17.1,7.1,3355,202,3557,5.7,63.8,31.7,4.4,5578,550
Cessnock,11918,11526,23444,653,53.1,0.7,0.6,4.7,5.7,25.8,15.5,7790,878,8668,10.1,49.1,44.8,6.1,17637,330
Charlestown,12128,12680,24808,875,61.5,3.5,1.8,15.0,9.4,24.3,7.7,11064,703,11767,6.0,60.7,34.9,4.4,19379,430
Charmhaven,11086,11716,22802,663,52.8,0.9,0.7,5.4,6.9,24.9,14.1,8294,820,9114,9.0,50.3,41.6,8.2,18128,370
Chatswood,13178,13917,27095,1286,72.8,14.4,2.6,30.8,9.3,7.6,8.0,12469,741,13210,5.6,65.2,29.6,5.2,20471,900
Cheltenham,10559,11243,21802,1336,71.8,13.8,3.3,28.0,9.9,9.9,6.8,10064,501,10565,4.7,63.8,32.2,4.0,16561,738
Cherrybrook,9636,9804,19440,1243,68.9,11.8,3.1,27.0,10.8,10.2,5.9,9350,526,9876,5.3,64.4,33.0,2.6,15336,750
Chester Hill,10265,9927,20192,638,47.6,2.3,0.8,10.0,7.6,14.5,12.4,6395,708,7103,10.0,49.0,45.4,5.7,14505,465
Chifley,13800,12536,26336,1006,64.3,5.9,1.3,14.1,8.4,15.4,19.2,10228,484,10712,4.5,53.4,38.8,7.8,20047,1000
Chippendale,13396,12810,26206,1097,72.4,11.6,2.2,29.6,7.6,7.1,14.3,11695,957,12652,7.6,59.6,28.6,11.8,21229,895
Chipping Norton,10224,10325,20549,972,57.1,4.1,1.1,14.1,9.9,20.6,7.4,8793,470,9263,5.1,63.5,32.5,4.1,14597,580
Chittaway Bay,7694,8068,15762,851,57.5,1.9,1.3,9.0,9.5,27.8,8.0,7245,455,7700,5.9,62.5,33.3,4.2,12316,445
Chullora,719,735,1454,1097,66.5,8.3,1.8,23.6,11.6,10.1,11.9,430,22,452,4.9,63.4,26.6,9.8,713,0
Clarendon,6975,7456,14431,825,56.3,2.7,1.3,9.1,9.1,23.6,10.5,6334,390,6724,5.8,58.9,34.3,6.8,11425,0
Claymore,10394,10623,21017,876,51.4,1.9,0.8,8.0,8.6,23.0,9.0,9479,690,10169,6.8,64.1,30.4,5.5,15863,500
Clontarf,10451,11069,21520,1612,73.3,10.3,3.2,30.2,11.0,10.9,7.9,9916,369,10285,3.6,66.8,28.6,4.6,15391,1448
Clovelly,13478,14695,28173,1562,76.0,12.0,3.1,29.4,9.1,10.8,11.7,14144,547,14691,3.7,69.1,21.9,8.9,21249,1375
Clyde,12132,10632,22764,696,52.1,5.6,0.9,14.9,8.9,11.5,10.4,8282,988,9270,10.7,55.6,37.1,7.3,16664,0
Coalcliff,5899,6055,11954,1156,72.6,10.2,3.8,21.8,10.8,18.4,7.5,5504,255,5759,4.4,64.0,31.4,4.7,9000,0
Cobar,2453,2283,4736,991,54.1,1.5,0.9,6.9,4.8,23.6,16.6,2017,124,2141,5.8,59.1,29.0,11.9,3624,270
Cobbitty,13327,13591,26918,1104,60.0,3.5,1.1,11.8,9.7,23.2,10.7,8913,344,9257,3.7,67.9,24.8,7.4,13639,500
Coffs Harbour,6874,7612,14486,676,59.1,1.9,1.2,10.3,8.7,22.4,14.4,5411,436,5847,7.4,50.6,39.3,10.0,11470,450
Collaroy,12977,13476,26453,1204,68.6,5.0,2.2,19.1,11.7,19.5,11.2,12707,386,13093,2.9,64.3,29.1,6.6,20366,1100
Colo,1435,1355,2790,843,67.3,3.4,1.7,9.5,8.7,25.6,18.1,1214,69,1283,5.4,57.2,28.6,14.0,2243,0
Colo Vale,3187,3187,6374,851,57.3,1.7,1.4,7.3,8.9,29.5,8.6,2906,131,3037,4.3,65.0,29.8,5.2,4674,440
Colyton,6150,6138,12288,788,47.1,1.8,0.8,6.4,6.6,21.4,10.2,4972,431,5403,8.0,58.9,34.5,6.6,9168,370
Como,10895,11218,22113,1215,67.2,6.3,2.6,19.4,12.4,19.8,6.6,10709,392,11101,3.5,67.0,29.7,3.3,16559,650
Concord,11435,12271,23706,1239,65.1,8.3,2.3,22.1,10.3,14.5,7.7,10817,477,11294,4.2,62.7,32.8,4.6,18005,738
Concord West,13494,13674,27168,1101,70.8,15.6,1.9,28.3,8.7,8.0,8.3,12491,960,13451,7.1,63.5,30.7,5.8,21181,705
Condell Park,6313,6241,12554,700,48.0,2.8,0.8,11.7,8.2,15.6,8.8,4296,386,4682,8.2,54.1,40.4,5.6,8649,600
Condobolin,3329,3296,6625,662,49.2,0.7,1.1,6.5,5.6,18.4,17.0,2671,184,2855,6.4,54.8,33.9,11.3,5209,245
Constitution Hill,11470,11656,23126,908,60.7,7.7,1.7,18.0,9.1,16.1,8.1,10000,686,10686,6.4,60.2,35.3,4.5,17762,450
Coogee,13478,14695,28173,1562,76.0,12.0,3.1,29.4,9.1,10.8,11.7,14144,547,14691,3.7,69.1,21.9,8.9,21249,990
Cooks Hill,6140,5935,12075,1197,73.1,10.1,2.9,26.6,8.5,14.0,11.1,5975,363,6338,5.7,65.2,26.1,8.7,9726,550
Cooma,3474,3398,6872,691,60.3,2.1,1.4,9.0,7.4,23.2,17.2,2901,143,3044,4.7,53.6,37.5,8.8,5678,320
Coonabarabran,4026,3955,7981,567,52.4,1.2,1.1,7.4,5.9,20.9,15.8,2869,237,3106,7.6,47.5,42.6,9.9,6543,245
Coonamble,2103,2072,4175,646,51.8,0.9,0.6,6.8,5.2,17.3,20.9,1527,143,1670,8.6,51.3,32.7,16.2,3257,200
Cooranbong,7893,8175,16068,705,59.4,3.1,1.3,9.5,8.7,24.7,12.0,5661,449,6110,7.3,48.5,45.8,5.7,12598,420
Cootamundra,3807,3880,7687,627,52.7,1.1,1.0,7.0,7.6,23.1,13.0,2806,184,2990,6.2,47.7,45.3,7.0,6270,280
Copacabana,3929,3804,7733,1043,68.8,4.8,2.7,18.8,12.5,22.2,7.7,3630,213,3843,5.5,67.0,28.7,4.5,5738,600
Coramba,2001,2014,4015,752,64.2,2.5,1.8,10.2,9.6,27.7,12.3,1735,116,1851,6.3,60.4,31.5,8.4,3065,0
Corowa,2683,2803,5486,680,53.6,1.0,1.0,6.6,6.7,24.3,14.1,2211,138,2349,5.9,51.3,40.7,8.1,4583,280
Corrimal,7752,8246,15998,748,57.8,3.2,1.5,11.0,9.2,24.0,8.8,6596,520,7116,7.3,56.0,39.3,4.8,12718,490
Cowan,6091,6002,12093,1150,68.6,6.9,2.8,19.8,11.7,21.1,6.3,6169,243,6412,3.8,70.1,26.8,3.0,9142,0
Cowra,4553,4771,9324,623,50.2,0.9,1.0,6.6,5.9,22.4,13.3,3383,264,3647,7.2,48.5,43.3,8.3,7519,270
Cranebrook,13392,13797,27189,1047,56.2,3.2,1.1,10.5,9.2,24.4,7.9,12193,588,12781,4.6,70.5,24.2,5.3,18124,430
Cremorne,9711,10929,20640,1727,79.9,13.9,3.7,33.9,10.7,8.2,9.5,10848,423,11271,3.8,70.3,22.9,6.8,16032,1050
Cringila,7251,7405,14656,625,47.9,1.3,0.6,5.9,7.1,22.4,10.6,5007,519,5526,9.4,49.7,44.6,5.7,11108,385
Cromer,3882,4093,7975,1079,64.5,4.1,1.7,16.0,12.8,21.3,8.5,3684,112,3796,3.0,64.1,31.4,4.5,5921,900
Cronulla,12675,12674,25349,1210,69.2,5.1,2.2,16.9,12.1,22.4,10.6,12938,447,13385,3.3,66.7,26.0,7.3,20062,863
Crows Nest,9384,10170,19554,1733,81.6,16.0,3.8,35.4,9.9,7.5,9.1,11144,395,11539,3.4,73.6,19.7,6.7,15682,950
Croydon,13209,13850,27059,875,61.4,11.1,1.7,24.0,8.5,7.9,8.2,11332,1070,12402,8.6,57.3,37.4,5.3,21644,650
Croydon Park,8783,9474,18257,937,60.2,7.0,1.9,19.7,9.2,14.2,8.3,8300,454,8754,5.2,61.4,34.0,4.6,14259,575
Culburra Beach,2613,2507,5120,625,56.6,1.6,1.7,6.9,7.5,26.0,13.2,1730,139,1869,7.4,43.3,48.6,8.1,4316,340
Currans Hill,15680,16215,31895,1091,57.1,2.8,1.3,11.1,10.7,25.3,5.8,15309,710,16019,4.4,75.2,21.4,3.4,21313,440
Currarong,1871,1860,3731,608,60.1,2.1,1.3,8.7,8.8,26.7,12.2,1261,98,1359,7.2,43.8,48.9,7.0,3104,0
Daceyville,6023,6179,12202,817,59.1,6.4,1.2,15.5,8.6,15.1,12.2,5061,325,5386,6.0,57.4,34.5,8.1,9379,0
Dapto,11960,12563,24523,730,53.2,1.5,1.1,6.7,7.8,27.5,8.6,9656,801,10457,7.7,54.9,40.7,4.4,19047,450
Darlinghurst,7242,5486,12728,1686,82.0,13.4,2.7,32.5,8.2,6.8,18.4,7118,341,7459,4.6,69.2,14.6,16.2,10778,850
Darlington,13934,14421,28355,1335,72.4,12.8,3.1,31.5,7.0,7.3,10.7,14582,948,15530,6.1,68.4,22.5,9.1,22709,0
Davistown,3546,3761,7307,868,63.1,2.5,1.7,12.2,11.1,27.4,8.4,3185,158,3343,4.7,59.4,35.8,4.7,5626,490
Dean Park,4356,4380,8736,906,55.4,4.1,0.9,14.3,9.4,18.9,7.8,3909,296,4205,7.0,67.0,29.3,3.8,6276,365
Dee Why,13410,13788,27198,1143,68.7,6.2,2.1,21.6,11.8,17.5,9.5,14062,522,14584,3.6,70.8,22.8,6.4,20591,795
Denham Court,11580,11498,23078,857,58.5,5.6,1.2,14.9,8.7,18.3,9.7,9049,734,9783,7.5,61.7,31.9,6.4,15867,550
Deniliquin,3713,3871,7584,710,54.1,1.3,1.1,7.2,6.5,22.1,15.7,3092,185,3277,5.6,53.2,37.1,9.8,6160,270
Denistone,13257,13749,27006,992,66.2,13.2,2.2,26.0,9.2,9.2,6.4,11622,858,12480,6.9,59.6,36.7,3.7,20931,685
Deua,13,12,25,450,64.0,0.0,0.0,24.0,12.0,12.0,28.0,11,0,11,0.0,44.0,36.0,28.0,25,0
Dolans Bay,1627,1653,3280,1555,68.2,6.6,2.1,21.2,12.9,20.0,5.1,1683,38,1721,2.2,68.4,28.9,2.9,2516,0
Doonside,12312,12391,24703,873,56.6,5.7,1.1,18.8,8.4,14.5,8.0,10249,858,11107,7.7,62.3,33.5,4.3,17831,380
Dorrigo,1615,1603,3218,555,55.2,1.7,1.8,9.4,7.0,22.5,13.2,1184,106,1290,8.2,47.3,43.6,8.9,2726,320
Double Bay,12756,14242,26998,1853,76.3,12.7,2.6,32.4,8.6,6.7,13.3,12832,433,13265,3.3,62.3,27.5,10.2,21296,1500
Douglas Park,5559,5352,10911,1122,62.8,2.7,1.6,11.1,10.7,28.2,8.3,4961,143,5104,2.8,69.1,26.4,4.5,7391,0
Dover Heights,5669,6014,11683,1483,73.9,10.0,2.3,30.8,10.7,9.9,10.1,5507,233,5740,4.1,66.4,27.4,6.2,8646,1450
Drummoyne,9294,10215,19509,1474,70.8,9.6,3.0,25.2,10.0,12.6,10.3,9554,344,9898,3.5,65.4,27.7,6.9,15145,750
Dubbo,6143,6653,12797,822,57.2,2.3,1.5,10.7,7.3,23.9,11.5,5548,334,5883,5.9,61.7,30.8,7.4,9480,350
Dudley,12128,12680,24808,875,61.5,3.5,1.8,15.0,9.4,24.3,7.7,11064,703,11767,6.0,60.7,34.9,4.4,19379,478
Duffys Forest,1914,1902,3816,1258,65.8,6.0,2.3,19.0,11.2,18.3,8.9,1795,66,1861,3.5,63.5,31.0,5.3,2931,0
Dulwich Hill,8909,9542,18451,1226,69.8,10.2,3.8,24.5,9.2,11.9,10.2,9209,485,9694,5.0,68.0,24.3,7.7,14257,700
Dundas Valley,9533,9703,19236,878,63.1,8.5,1.7,21.2,9.8,13.5,8.4,8010,589,8599,6.8,59.6,35.2,5.1,14423,495
Dungog,4695,4651,9346,753,58.7,1.9,1.3,8.9,9.1,25.8,12.0,3885,227,4112,5.5,56.2,36.2,7.7,7315,325
Dural,11119,11127,22246,1143,63.3,5.0,1.8,17.0,10.6,20.3,8.7,10568,353,10921,3.2,64.1,30.8,5.0,17031,655
Eagle Vale,10394,10623,21017,876,51.4,1.9,0.8,8.0,8.6,23.0,9.0,9479,690,10169,6.8,64.1,30.4,5.5,15863,400
Earlwood,12638,12839,25477,958,56.7,5.2,1.5,16.2,9.4,15.1,9.1,10682,546,11228,4.9,58.1,36.1,5.8,19318,670
East Ryde,6533,6653,13186,1114,64.9,9.8,2.1,23.6,9.5,13.5,6.5,5894,314,6208,5.1,61.7,34.9,3.4,10062,0
Eastlakes,14295,13704,27999,916,60.6,8.3,1.3,20.6,8.8,12.4,9.1,12241,803,13044,6.2,63.0,31.0,6.0,20715,690
Eastwood,13257,13749,27006,992,66.2,13.2,2.2,26.0,9.2,9.2,6.4,11622,858,12480,6.9,59.6,36.7,3.7,20931,650
Ebenezer,11480,11167,22647,1052,62.7,2.8,1.7,10.6,10.4,27.9,9.2,11418,410,11828,3.5,67.7,26.1,6.2,17471,483
Eden,1606,1658,3264,596,53.8,1.4,1.0,6.5,6.5,21.6,16.6,1152,86,1238,6.9,45.6,45.3,9.1,2715,400
Edensor Park,5092,5229,10321,773,43.6,1.8,0.4,11.4,8.6,15.5,5.9,4173,362,4535,8.0,56.6,39.9,3.4,8008,480
Edgeworth,7408,7850,15258,886,55.9,2.0,1.0,8.8,8.2,27.9,8.0,6708,388,7096,5.5,65.3,29.9,4.8,10864,410
Edmondson Park,10158,10393,20551,958,55.6,4.3,1.0,14.8,10.6,16.9,8.1,7990,533,8523,6.3,65.3,30.4,4.3,13051,570
Elanora Heights,5587,5731,11318,1197,69.2,6.5,2.2,19.9,12.4,17.3,11.0,5019,165,5184,3.2,58.9,34.8,6.3,8797,735
Elderslie,11847,12224,24071,1096,58.6,3.0,1.6,12.1,10.7,24.1,7.1,10782,486,11268,4.3,71.2,24.9,3.9,15836,490
Eleebana,6109,6213,12322,1022,66.1,4.9,2.3,17.7,11.4,23.3,6.5,5628,326,5954,5.5,61.1,35.7,3.3,9750,500
Elermore Vale,9618,10596,20214,753,57.8,3.5,1.2,12.0,8.3,23.0,9.8,8234,740,8974,8.2,55.2,39.3,5.6,16270,440
Ellis Lane,6488,6954,13442,1040,62.5,3.3,1.9,12.6,10.1,24.5,10.1,6258,212,6470,3.3,62.4,32.5,5.1,10375,0
Emerald Beach,4718,4899,9617,881,67.2,3.5,2.2,15.9,11.4,25.4,9.0,4013,231,4244,5.4,61.1,33.2,5.6,6945,463
Emerton,9236,9732,18968,597,41.8,1.1,0.3,4.9,5.3,16.8,13.2,5760,872,6632,13.1,48.1,42.9,9.0,13786,315
Emu Plains,7039,7514,14553,1031,58.7,3.6,1.7,10.8,9.7,23.9,9.0,6987,305,7292,4.2,64.0,32.4,3.6,11401,460
Enfield,8783,9474,18257,937,60.2,7.0,1.9,19.7,9.2,14.2,8.3,8300,454,8754,5.2,61.4,34.0,4.6,14259,580
Engadine,8702,8782,17484,1062,63.9,3.5,1.9,13.5,11.7,27.1,6.3,8474,261,8735,3.0,67.2,30.3,2.5,12998,620
Epping,15268,15219,30487,1133,70.5,15.6,2.8,29.0,9.0,8.2,5.8,13075,961,14036,6.8,62.8,34.5,2.8,22364,650
Erina,6701,7683,14384,808,60.1,3.6,1.7,13.2,10.1,19.8,11.7,5625,311,5936,5.2,50.9,43.1,6.1,11672,520
Ermington,11815,11676,23491,902,59.1,6.5,1.4,17.6,9.8,15.8,8.0,9743,642,10385,6.2,60.4,34.8,4.9,17191,520
Erowal Bay,7203,7517,14720,582,53.7,1.0,1.0,5.0,7.7,27.0,11.9,4491,436,4927,8.8,42.3,50.7,7.0,11657,370
Erskine Park,3312,3342,6654,1082,53.6,2.4,0.8,10.5,8.5,25.1,6.4,3669,185,3854,4.8,74.2,22.0,3.7,5195,393
Erskineville,9537,8982,18519,1745,79.8,14.1,3.6,33.2,9.3,9.4,10.2,11056,400,11456,3.5,79.1,12.4,8.5,14483,730
Evans Head,2716,2693,5409,627,55.6,1.5,1.0,7.5,6.9,25.0,13.8,1944,151,2095,7.2,47.8,43.0,9.2,4381,478
Fairfield,9335,9390,18726,567,40.6,1.8,0.5,8.6,7.1,12.6,10.0,5454,746,6201,12.1,44.4,49.7,5.9,13930,440
Fairlight,11926,12280,24206,1731,78.3,12.3,2.9,31.9,10.1,9.4,11.6,12282,472,12754,3.7,68.5,23.1,8.4,18617,1213
Fairy Meadow,10985,11298,22283,790,60.5,5.7,1.9,14.6,9.3,20.7,8.3,9030,708,9738,7.3,55.2,40.2,4.6,17636,525
Figtree,11181,11207,22388,873,63.1,7.3,2.4,17.2,9.5,20.0,6.7,9260,735,9995,7.4,58.4,37.9,3.8,17126,500
Fingal Head,7191,7511,14702,783,62.5,3.1,2.0,13.6,10.0,21.1,12.7,5476,358,5834,6.1,54.4,37.0,8.7,10732,0
Finley,5073,4962,10035,662,53.4,0.8,0.9,7.2,6.6,21.9,16.1,3827,188,4015,4.7,49.9,39.7,10.4,8040,0
Fitzroy Falls,1847,1839,3686,918,69.4,5.5,2.0,15.5,10.7,24.2,11.6,1617,52,1669,3.1,58.6,32.9,8.5,2850,0
Five Dock,10527,11360,21887,1273,67.2,8.3,2.6,22.2,10.1,13.9,10.1,10386,442,10828,4.1,64.0,29.6,6.4,16929,755
Fletcher,7509,7610,15119,957,57.5,3.5,1.4,11.5,8.9,26.5,5.7,6696,444,7140,6.2,69.5,27.6,2.9,10280,523
Flinders,9291,9319,18610,958,60.8,2.9,1.5,11.6,10.5,26.3,8.0,8041,472,8513,5.5,65.4,30.0,4.6,13018,550
Forbes,5300,5169,10469,690,53.1,1.2,1.0,7.6,6.7,22.4,14.3,4176,244,4420,5.5,54.3,36.7,9.0,8135,280
Forest Lodge,10759,11699,22458,1283,75.0,14.9,2.9,29.8,7.7,7.2,12.6,10673,716,11389,6.3,63.7,25.9,10.3,17872,900
Forestville,6539,6901,13440,1204,66.1,9.0,2.7,23.9,10.9,13.2,6.5,5887,234,6121,3.8,62.2,34.8,3.0,9843,850
Forresters Beach,5133,5190,10323,1020,66.5,4.0,2.3,17.0,11.7,23.2,8.3,4678,198,4876,4.1,63.7,31.6,4.8,7656,510
Forster,5155,5440,10595,595,58.2,1.8,1.1,7.8,8.2,26.4,12.9,3297,298,3595,8.4,42.2,50.1,7.6,8653,430
Fountaindale,2541,2482,5023,947,62.0,3.4,1.6,14.2,11.1,24.2,7.5,2467,133,2600,5.1,66.8,29.7,3.7,3891,0
Frenchs Forest,13019,13356,26375,1248,66.6,6.8,2.3,21.4,12.5,16.3,7.3,12145,493,12638,3.9,64.1,32.2,3.6,19702,875
Freshwater,11526,11550,23076,1423,72.4,8.3,2.5,25.8,11.5,15.3,8.9,11778,384,12162,3.2,72.0,21.8,6.2,16881,1350
Fullerton Cove,4180,4116,8296,769,62.6,2.7,1.3,9.9,7.9,24.2,16.8,2729,193,2922,6.6,45.4,41.8,12.8,6442,0
Galston,2723,2637,5360,1098,66.2,5.4,2.1,16.8,11.9,21.9,8.1,2552,94,2646,3.6,62.4,33.0,4.6,4237,650
Georges Hall,11756,11808,23564,656,47.5,2.4,0.7,9.5,8.1,16.6,10.3,7683,738,8421,8.8,49.8,44.7,5.5,16922,550
Gerringong,4165,4284,8449,940,70.1,4.8,3.1,17.7,11.2,21.0,12.0,3478,119,3597,3.3,55.7,36.1,8.1,6454,555
Gilgandra,2197,2196,4393,637,50.0,1.0,0.6,7.1,5.6,21.6,14.3,1853,114,1967,5.8,55.3,36.1,8.6,3555,260
Girraween,7134,6759,13893,875,60.8,11.5,1.5,18.9,8.4,10.9,9.5,5367,453,5820,7.8,58.4,35.4,6.3,9974,480
Gladesville,7659,7890,15549,1291,69.0,9.2,2.5,24.8,10.8,13.1,8.6,7374,316,7690,4.1,65.0,29.7,5.3,11834,700
Glebe,10759,11699,22458,1283,75.0,14.9,2.9,29.8,7.7,7.2,12.6,10673,716,11389,6.3,63.7,25.9,10.3,17872,850
Glen Alpine,10543,10909,21452,839,52.7,2.2,1.1,8.8,8.5,22.0,10.2,9202,762,9964,7.6,60.9,32.9,6.3,16373,580
Glen Innes,4428,4480,8908,569,54.6,1.2,0.9,6.8,7.1,21.6,17.0,3224,283,3507,8.1,47.9,42.8,9.3,7322,250
Glendale,11829,12255,24084,867,59.5,3.3,1.7,12.7,8.7,25.5,7.7,10899,773,11672,6.6,61.9,34.1,4.0,18851,375
Glendenning,4356,4380,8736,906,55.4,4.1,0.9,14.3,9.4,18.9,7.8,3909,296,4205,7.0,67.0,29.3,3.8,6276,420
Glenfield,12191,12725,24916,774,57.0,6.7,0.9,13.2,8.1,16.7,11.3,9541,986,10527,9.4,57.5,34.7,7.8,18296,475
Glenhaven,3213,3332,6545,1204,65.9,5.7,2.5,21.5,12.7,16.5,7.1,3001,122,3123,3.9,61.0,35.8,3.1,5117,750
Glenmore Park,10717,11098,21815,1136,56.6,3.5,1.4,12.2,10.8,22.7,6.1,11618,476,12094,3.9,74.9,21.6,3.5,16143,490
Glenwood,8407,8498,16905,1182,62.7,9.5,1.6,22.7,10.1,13.7,5.1,8390,542,8932,6.1,72.1,26.0,1.9,12380,600
Gloucester,2566,2599,5165,599,53.7,1.0,1.4,8.1,7.6,23.3,12.2,1815,144,1959,7.4,46.5,46.6,6.8,4217,345
Goonellabah,6296,7115,13411,708,59.0,2.1,1.5,11.9,7.6,24.6,11.3,5474,402,5876,6.8,55.1,37.7,7.2,10658,400
Gordon,11254,11859,23113,1424,71.7,15.4,2.6,31.7,8.2,6.2,7.6,9732,606,10338,5.9,59.5,36.8,3.7,17376,963
Gorokan,11086,11716,22802,663,52.8,0.9,0.7,5.4,6.9,24.9,14.1,8294,820,9114,9.0,50.3,41.6,8.2,18128,350
Gosford,9667,9986,19653,794,62.6,3.7,1.5,14.7,10.0,21.2,11.5,8506,686,9192,7.5,58.6,34.1,7.3,15692,0
Goulburn,11974,11861,23835,755,57.6,1.9,1.3,7.6,8.4,23.3,15.0,9708,708,10416,6.8,55.6,37.0,7.4,18737,360
Grafton,9346,9732,19078,607,53.8,1.1,1.0,7.0,6.5,23.9,14.3,6499,731,7230,10.1,47.6,45.8,6.6,15191,360
Granville,12132,10632,22764,696,52.1,5.6,0.9,14.9,8.9,11.5,10.4,8282,988,9270,10.7,55.6,37.1,7.3,16664,460
Grays Point,8989,9269,18258,1191,66.0,5.3,2.1,17.6,12.0,22.3,6.7,9211,322,9533,3.4,68.1,28.5,3.3,13992,750
Green Point,6701,7683,14384,808,60.1,3.6,1.7,13.2,10.1,19.8,11.7,5625,311,5936,5.2,50.9,43.1,6.1,11672,570
Green Valley,6570,6586,13156,738,43.3,1.5,0.6,10.0,8.1,15.8,7.3,5228,474,5702,8.3,57.7,37.9,4.3,9875,470
Greenacre,13943,14048,27991,598,47.4,3.5,0.8,11.2,7.7,13.9,10.3,8758,842,9600,8.8,48.8,45.0,6.3,19678,550
Greendale,4718,4405,9123,782,48.4,1.1,0.5,6.9,5.9,21.0,13.0,3851,212,4063,5.2,56.0,35.3,8.6,7261,0
Greenfield Park,4433,4376,8809,695,42.0,1.6,0.6,10.4,8.4,14.5,6.5,3133,293,3426,8.6,50.7,45.8,3.5,6758,430
Greenwich,14389,14678,29067,1641,74.5,14.8,3.4,32.0,9.1,8.1,7.1,13706,625,14331,4.4,66.5,29.0,4.5,21558,1100
Grenfell,1837,1796,3633,600,52.5,1.0,0.9,7.7,6.7,21.3,14.8,1439,79,1518,5.2,50.0,41.0,9.3,3038,0
Greta,5526,5491,11017,966,59.7,1.6,1.2,8.8,8.3,29.4,10.4,4775,293,5068,5.8,64.8,28.7,6.6,7824,350
Greystanes,13876,14251,28127,945,56.3,4.2,1.2,14.8,9.3,18.6,8.1,11972,693,12665,5.5,61.5,33.7,4.8,20597,500
Griffith,10053,10198,20251,791,52.5,1.6,1.0,8.4,6.1,20.5,15.1,8499,475,8974,5.3,59.0,30.5,10.6,15205,360
Guildford,11771,11432,23203,564,46.4,3.0,0.6,9.8,7.8,13.1,12.0,6389,809,7198,11.2,45.5,46.1,8.4,15823,450
Guildford West,11211,11125,22336,688,49.5,3.3,0.8,11.0,8.4,15.9,10.1,7886,805,8691,9.3,53.6,40.2,6.2,16206,455
Gundagai,1839,1793,3632,700,50.6,1.0,0.7,7.4,6.0,21.6,13.8,1582,73,1655,4.4,57.6,34.2,8.2,2873,290
Gunnedah,4750,4822,9572,784,53.1,1.4,1.1,7.7,6.1,23.9,12.7,3888,245,4133,5.9,57.1,35.2,7.8,7241,350
Gwandalan,3068,3004,6072,718,53.7,1.1,0.8,5.8,7.3,30.7,8.0,2346,203,2549,8.0,53.9,42.0,4.1,4728,400
Gymea,8989,9269,18258,1191,66.0,5.3,2.1,17.6,12.0,22.3,6.7,9211,322,9533,3.4,68.1,28.5,3.3,13992,640
Haberfield,7084,7235,14319,1257,68.4,11.3,2.9,25.7,9.0,11.0,8.5,7079,307,7386,4.2,66.0,28.4,5.5,11185,800
Halekulani,4836,4899,9735,649,54.3,1.0,0.8,5.8,7.8,28.0,11.0,3585,344,3929,8.8,50.5,43.3,6.2,7779,410
Hamilton,6269,6179,12448,878,64.0,5.8,2.6,19.6,8.6,17.8,9.6,5674,465,6139,7.6,61.2,32.3,6.5,10034,485
Harrington Park,11847,12224,24071,1096,58.6,3.0,1.6,12.1,10.7,24.1,7.1,10782,486,11268,4.3,71.2,24.9,3.9,15836,550
Hassall Grove,10839,11093,21932,903,53.2,3.2,0.8,14.8,8.9,18.1,7.5,9784,750,10534,7.1,66.3,29.2,4.5,15899,400
Hawks Nest,2661,2626,5287,630,59.1,2.0,1.4,8.6,9.7,25.9,11.6,1412,130,1542,8.4,33.9,60.3,5.8,4555,340
Hay,1511,1493,3004,697,49.2,0.7,0.7,6.0,6.3,18.9,16.7,1310,62,1372,4.5,55.9,31.5,12.6,2453,205
Haymarket,16090,15592,31682,1146,73.6,10.8,1.2,27.8,10.9,4.9,17.9,15124,1046,16170,6.5,61.8,23.6,14.6,26159,0
Hazelbrook,5636,5942,11578,888,68.1,6.1,3.4,16.7,12.0,23.0,7.0,5346,279,5625,5.0,62.4,33.4,4.1,9011,425
Heathcote,3274,3435,6709,1015,62.9,3.6,1.9,12.0,10.7,27.1,7.6,3212,130,3342,3.9,63.8,33.9,2.3,5238,600
Hebersham,9236,9732,18968,597,41.8,1.1,0.3,4.9,5.3,16.8,13.2,5760,872,6632,13.1,48.1,42.9,9.0,13786,340
Helensburgh,4691,4546,9237,1139,67.7,5.2,2.4,15.2,10.9,24.7,9.4,4636,176,4812,3.7,70.0,25.8,4.2,6871,580
Hexham,4178,4315,8493,654,45.6,0.8,0.5,4.3,5.6,24.7,9.8,3185,404,3589,11.3,52.7,41.6,5.7,6810,0
Hill Top,3187,3187,6374,851,57.3,1.7,1.4,7.3,8.9,29.5,8.6,2906,131,3037,4.3,65.0,29.8,5.2,4674,450
Hillsborough,11829,12255,24084,867,59.5,3.3,1.7,12.7,8.7,25.5,7.7,10899,773,11672,6.6,61.9,34.1,4.0,18851,0
Hillsdale,6023,6179,12202,817,59.1,6.4,1.2,15.5,8.6,15.1,12.2,5061,325,5386,6.0,57.4,34.5,8.1,9379,0
Hinchinbrook,6751,6746,13497,874,49.3,2.3,0.7,11.5,9.7,18.1,6.9,5552,453,6005,7.5,63.2,33.1,3.7,9501,480
Holroyd,16136,15137,31273,736,52.7,5.0,1.0,14.3,9.2,14.3,9.0,11434,1165,12599,9.2,56.1,38.5,5.3,22441,0
Holsworthy,11004,10780,21784,1109,61.8,5.6,1.5,16.8,10.7,20.4,6.9,10792,477,11269,4.2,70.4,25.2,4.4,16013,500
Homebush,9848,8759,18607,969,68.4,13.2,1.6,25.4,8.6,7.6,12.1,8150,707,8857,8.0,64.5,26.0,9.5,13725,620
Horningsea Park,6366,6634,13000,916,52.6,3.2,0.7,13.2,10.2,18.1,7.1,5359,307,5666,5.4,65.9,30.0,4.1,8596,530
Hornsby,5963,6119,12082,1032,70.5,12.3,2.7,25.8,10.5,11.6,7.6,5674,367,6041,6.0,65.9,29.6,4.4,9143,590
Horsley,4726,5007,9733,968,60.1,2.7,1.4,9.6,10.8,28.5,7.0,4273,208,4481,4.6,68.1,29.6,2.4,6584,490
Horsley Park,2417,2270,4687,966,52.8,2.0,0.5,8.6,6.8,21.7,13.4,2052,79,2131,3.7,58.1,32.7,9.0,3665,400
Hoxton Park,6366,6634,13000,916,52.6,3.2,0.7,13.2,10.2,18.1,7.1,5359,307,5666,5.4,65.9,30.0,4.1,8596,500
Hunters Hill,5560,5427,10987,1625,68.8,11.3,2.7,25.3,8.9,9.2,11.4,4456,148,4604,3.2,55.3,39.5,5.3,8327,1000
Huntleys Point,7659,7890,15549,1291,69.0,9.2,2.5,24.8,10.8,13.1,8.6,7374,316,7690,4.1,65.0,29.7,5.3,11834,0
Hurstville,13133,13166,26299,752,58.4,10.9,1.1,21.2,8.6,8.3,8.3,10503,1068,11571,9.2,57.5,37.6,4.9,20135,580
Hurstville Grove,6631,6670,13301,1165,65.7,8.6,2.4,23.3,10.0,15.0,6.6,6250,314,6564,4.8,63.2,33.4,3.4,10390,645
Huskisson,2162,2369,4531,788,66.7,5.5,2.9,13.7,10.2,23.3,11.3,1675,89,1764,5.0,48.4,45.0,6.6,3644,420
Illawong,5281,5412,10693,1274,63.2,5.1,1.9,18.8,11.1,21.0,5.2,5791,219,6010,3.6,69.5,28.4,2.1,8650,775
Iluka,8213,8417,16630,587,57.1,1.6,1.4,8.5,7.7,24.8,13.2,5308,439,5747,7.6,40.9,51.8,7.3,14045,400
Ingleburn,11580,11498,23078,857,58.5,5.6,1.2,14.9,8.7,18.3,9.7,9049,734,9783,7.5,61.7,31.9,6.4,15867,415
Inverell,5722,6172,11894,644,51.9,0.8,1.0,7.7,6.1,23.8,12.5,4536,371,4907,7.6,52.8,40.3,7.0,9286,310
Jamisontown,8738,8986,17724,911,54.4,2.5,1.1,8.9,8.4,24.7,8.8,8154,473,8627,5.5,62.9,31.6,5.5,13711,435
Jannali,10895,11218,22113,1215,67.2,6.3,2.6,19.4,12.4,19.8,6.6,10709,392,11101,3.5,67.0,29.7,3.3,16559,580
Jerilderie,5073,4962,10035,662,53.4,0.8,0.9,7.2,6.6,21.9,16.1,3827,188,4015,4.7,49.9,39.7,10.4,8040,0
Jerrabomberra,6510,6640,13150,1428,62.7,7.6,3.4,15.2,11.2,19.0,6.3,7125,254,7379,3.4,75.9,19.9,4.2,9725,640
Jesmond,6522,6244,12766,614,47.7,4.5,0.8,10.6,6.0,17.0,8.8,4213,796,5009,15.9,50.3,43.8,5.9,9956,390
Jilliby,1807,1723,3530,1016,63.6,3.1,1.6,11.9,10.5,23.9,12.6,1644,58,1702,3.4,62.5,28.7,8.7,2722,600
Jindabyne,3906,3267,7173,906,68.4,3.1,1.7,12.7,9.8,28.2,12.6,3899,73,3972,1.8,69.6,21.2,9.2,5709,0
Junee,3782,2767,6549,699,62.0,0.9,0.7,6.2,5.3,20.2,28.6,2290,116,2406,4.8,46.8,44.9,8.3,5139,270
Kangaroo Valley,4471,4650,9121,747,66.6,4.4,2.3,14.0,10.4,22.0,13.4,3452,107,3559,3.0,47.1,44.9,7.9,7553,0
Kangy Angy,2708,2757,5465,873,57.7,2.3,1.1,11.2,9.0,24.1,9.9,2409,164,2573,6.4,61.5,31.3,7.2,4182,0
Kanwal,11086,11716,22802,663,52.8,0.9,0.7,5.4,6.9,24.9,14.1,8294,820,9114,9.0,50.3,41.6,8.2,18128,390
Karabar,4155,4277,8432,1008,53.5,3.0,1.9,8.8,8.3,22.3,9.2,4184,208,4392,4.7,66.3,27.8,5.8,6623,480
Kariong,3383,3200,6583,961,60.6,2.2,1.2,10.3,11.0,25.7,10.1,3156,215,3371,6.4,67.8,27.5,4.7,4970,430
Karuah,7368,7127,14495,848,60.4,1.6,1.0,7.5,9.6,28.9,11.9,6072,377,6449,5.8,59.6,32.3,8.1,10817,340
Katoomba,6639,7227,13866,718,68.9,6.9,2.9,16.9,11.4,17.9,12.8,5552,394,5946,6.6,52.4,40.6,7.0,11338,415
Keiraville,11181,11207,22388,873,63.1,7.3,2.4,17.2,9.5,20.0,6.7,9260,735,9995,7.4,58.4,37.9,3.8,17126,580
Kellyville,13052,13223,26275,1262,65.1,8.3,2.0,21.9,11.4,15.8,5.6,12143,568,12711,4.5,71.7,25.4,2.8,17719,644
Kellyville Ridge,18215,17254,35469,1260,69.4,9.4,1.9,23.2,10.7,14.1,10.0,16081,809,16890,4.8,70.9,25.7,3.4,23822,610
Kembla Grange,4726,5007,9733,968,60.1,2.7,1.4,9.6,10.8,28.5,7.0,4273,208,4481,4.6,68.1,29.6,2.4,6584,470
Kemps Creek,2417,2270,4687,966,52.8,2.0,0.5,8.6,6.8,21.7,13.4,2052,79,2131,3.7,58.1,32.7,9.0,3665,480
Kempsey,7728,7581,15309,569,55.3,0.8,0.7,5.1,5.3,23.1,20.4,4467,480,4947,9.7,41.7,48.1,10.3,11870,265
Kensington,8582,8360,16942,1079,60.6,11.5,1.5,24.1,6.6,7.0,9.8,6528,782,7310,10.7,54.5,38.1,7.5,13418,950
Kenthurst,11119,11127,22246,1143,63.3,5.0,1.8,17.0,10.6,20.3,8.7,10568,353,10921,3.2,64.1,30.8,5.0,17031,460
Kiama,4002,4221,8223,857,66.3,5.0,2.8,15.5,11.8,21.5,9.9,3231,174,3405,5.1,51.8,41.9,6.4,6570,550
Kiama Downs,3095,3092,6187,984,68.5,4.3,3.1,16.4,12.0,25.8,7.2,2746,138,2884,4.8,60.7,35.2,4.0,4754,540
Killara,11254,11859,23113,1424,71.7,15.4,2.6,31.7,8.2,6.2,7.6,9732,606,10338,5.9,59.5,36.8,3.7,17376,1100
Killarney Heights,6539,6901,13440,1204,66.1,9.0,2.7,23.9,10.9,13.2,6.5,5887,234,6121,3.8,62.2,34.8,3.0,9843,975
Killarney Vale,10780,11841,22621,755,57.0,1.6,1.0,8.9,8.6,25.6,11.2,9330,631,9961,6.3,55.8,37.4,6.8,17856,420
Killingworth,3351,3417,6768,807,53.7,1.2,0.8,5.8,7.1,32.0,6.9,3006,234,3240,7.2,62.7,33.3,4.0,5166,0
Kincumber,3536,3995,7531,715,58.1,2.5,1.6,10.8,9.2,24.8,9.2,2944,187,3131,6.0,51.7,44.0,4.4,6056,490
Kings Langley,13053,12927,25980,922,58.8,4.8,1.6,14.1,9.4,19.6,9.4,11754,744,12498,6.0,62.7,32.3,5.0,19921,520
Kings Park,9132,8756,17888,848,61.2,8.1,1.2,17.2,9.8,15.5,9.4,7824,668,8492,7.9,63.0,30.9,6.2,13481,440
Kingscliff,7191,7511,14702,783,62.5,3.1,2.0,13.6,10.0,21.1,12.7,5476,358,5834,6.1,54.4,37.0,8.7,10732,640
Kingsford,8932,8233,17165,820,62.7,11.9,1.6,26.9,6.5,7.9,7.9,6368,746,7114,10.5,51.4,43.3,5.2,13838,800
Kingsgrove,9662,9860,19523,931,56.4,5.2,1.5,17.0,9.7,14.7,8.2,8217,444,8661,5.2,58.5,36.4,5.0,14834,600
Kingswood,10715,10985,21700,856,55.8,4.1,1.2,11.3,8.1,21.3,9.8,8962,742,9704,7.6,63.5,30.2,6.3,15293,370
Kirrawee,10717,11404,22121,1079,67.2,5.7,2.0,17.5,11.3,21.4,9.4,10823,446,11269,4.0,65.7,29.6,4.7,17146,590
Kirribilli,9163,10293,19456,1732,80.7,14.5,3.3,34.3,9.7,7.4,11.5,10637,426,11063,3.9,69.5,21.7,8.8,15929,980
Kogarah,6351,6163,12514,959,66.0,10.8,1.5,24.5,9.6,10.9,8.9,5761,433,6194,7.0,65.5,29.3,5.3,9455,583
Kogarah Bay,8666,8484,17150,934,61.6,7.9,1.5,20.8,10.6,13.2,7.7,7924,527,8451,6.2,63.7,31.6,4.7,13261,550
Koolewong,3069,3239,6308,848,63.6,4.3,2.0,14.7,11.6,22.7,8.3,2814,187,3001,6.2,59.0,37.1,3.8,5084,420
Kooragang,9,8,17,0,0.0,0.0,0.0,0.0,0.0,0.0,0.0,4,0,4,0.0,33.3,83.3,0.0,12,0
Korora,4718,4899,9617,881,67.2,3.5,2.2,15.9,11.4,25.4,9.0,4013,231,4244,5.4,61.1,33.2,5.6,6945,503
Kotara,8017,8008,16025,946,64.2,5.0,2.3,18.5,10.5,22.0,6.0,7608,473,8081,5.9,64.7,32.5,2.8,12492,480
Kulnura,2564,2374,4938,893,62.0,2.8,1.4,11.2,9.7,23.1,13.9,2249,85,2334,3.6,59.0,31.1,9.8,3955,0
Kurnell,12675,12674,25349,1210,69.2,5.1,2.2,16.9,12.1,22.4,10.6,12938,447,13385,3.3,66.7,26.0,7.3,20062,588
Kurrajong Heights,11480,11167,22647,1052,62.7,2.8,1.7,10.6,10.4,27.9,9.2,11418,410,11828,3.5,67.7,26.1,6.2,17471,450
Kurri Kurri,9267,9356,18623,685,49.7,0.6,0.5,4.1,5.5,28.1,10.8,6877,722,7599,9.5,54.2,39.0,6.8,14033,330
Kyeemagh,7433,7820,15253,921,60.5,5.0,1.3,16.3,10.3,15.4,12.2,6560,339,6899,4.9,58.8,33.3,7.9,11730,670
Kyogle,3736,3579,7315,561,54.4,1.4,1.4,8.5,7.5,21.9,13.6,2658,257,2915,8.8,47.8,43.2,9.1,6096,315
La Perouse,13800,12536,26336,1006,64.3,5.9,1.3,14.1,8.4,15.4,19.2,10228,484,10712,4.5,53.4,38.8,7.8,20047,0
Lake Heights,7251,7405,14656,625,47.9,1.3,0.6,5.9,7.1,22.4,10.6,5007,519,5526,9.4,49.7,44.6,5.7,11108,433
Lake Munmorah,5439,5733,11172,634,52.7,0.9,0.7,5.5,7.2,27.3,11.1,3956,321,4277,7.5,47.3,46.8,5.8,9043,380
Lakemba,9987,8269,18256,549,52.7,8.8,1.1,16.6,7.0,9.1,10.3,5669,884,6553,13.5,51.5,41.6,7.0,12734,500
Lalor Park,13053,12927,25980,922,58.8,4.8,1.6,14.1,9.4,19.6,9.4,11754,744,12498,6.0,62.7,32.3,5.0,19921,380
Lambton,8289,8746,17035,937,63.7,5.7,2.5,18.4,9.9,20.3,7.0,7987,468,8455,5.5,63.8,32.3,3.9,13260,450
Lane Cove,14389,14678,29067,1641,74.5,14.8,3.4,32.0,9.1,8.1,7.1,13706,625,14331,4.4,66.5,29.0,4.5,21558,925
Lane Cove North,11330,11605,22935,1388,75.0,14.6,2.9,31.1,9.9,8.8,7.5,11328,587,11915,4.9,69.0,26.3,4.7,17266,820
Lansvale,12900,12973,25873,549,34.8,1.3,0.4,8.3,5.9,9.9,9.0,8578,1425,10003,14.2,49.3,45.4,5.3,20280,500
Lapstone,9630,9907,19537,1109,69.1,7.0,3.5,19.4,11.6,21.2,6.5,9529,382,9911,3.9,65.6,30.8,3.6,15108,0
Laughtondale,2723,2637,5360,1098,66.2,5.4,2.1,16.8,11.9,21.9,8.1,2552,94,2646,3.6,62.4,33.0,4.6,4237,0
Laurieton,8675,9160,17835,609,58.5,1.6,1.3,8.3,8.5,26.6,12.2,5492,453,5945,7.6,41.4,51.9,6.7,14367,360
Lavender Bay,6015,6169,12184,1905,82.1,17.3,3.3,34.7,8.6,6.0,12.3,6425,255,6680,3.8,69.3,21.0,9.7,9642,0
Lavington,7175,7841,15016,639,53.3,1.3,1.0,6.4,6.9,25.5,12.2,5809,585,6394,9.1,53.8,38.6,7.6,11890,305
Lawson,5636,5942,11578,888,68.1,6.1,3.4,16.7,12.0,23.0,7.0,5346,279,5625,5.0,62.4,33.4,4.1,9011,440
Leeton,5074,5257,10331,764,51.7,1.1,0.9,7.6,5.5,22.0,14.5,4264,230,4494,5.1,55.9,34.9,9.3,8038,310
Leichhardt,13752,14632,28384,1515,74.5,12.9,3.6,29.1,9.1,10.1,9.8,14468,621,15089,4.1,70.4,22.2,7.4,21437,750
Lemon Tree Passage,3465,3358,6823,628,56.6,1.1,0.9,5.6,8.4,28.6,12.1,2282,221,2503,8.8,45.5,47.7,6.9,5497,385
Lennox Head,4061,4277,8338,908,68.0,5.3,3.0,19.8,10.7,20.6,8.7,3793,208,4001,5.2,64.1,30.6,5.5,6242,600
Leonay,7039,7514,14553,1031,58.7,3.6,1.7,10.8,9.7,23.9,9.0,6987,305,7292,4.2,64.0,32.4,3.6,11401,498
Leppington,13327,13591,26918,1104,60.0,3.5,1.1,11.8,9.7,23.2,10.7,8913,344,9257,3.7,67.9,24.8,7.4,13639,540
Lethbridge Park,10957,11520,22477,674,47.3,2.9,0.5,7.6,6.1,16.6,13.7,7070,853,7923,10.8,52.1,39.0,8.9,15210,300
Leumeah,8517,8594,17111,838,54.1,3.0,1.0,9.2,8.7,23.7,8.5,7578,532,8110,6.6,61.2,34.0,4.8,13252,380
Leura,6639,7227,13866,718,68.9,6.9,2.9,16.9,11.4,17.9,12.8,5552,394,5946,6.6,52.4,40.6,7.0,11338,450
Lewisham,8909,9542,18451,1226,69.8,10.2,3.8,24.5,9.2,11.9,10.2,9209,485,9694,5.0,68.0,24.3,7.7,14257,700
Lidcombe,11751,10755,22506,791,54.5,6.2,1.2,19.9,9.0,9.0,9.2,9249,863,10112,8.5,59.4,34.7,6.0,17037,510
Lightning Ridge,3387,2999,6386,523,48.9,1.0,0.7,6.9,6.0,16.3,17.9,2163,264,2427,10.9,47.4,40.3,12.3,5124,0
Lilli Pilli,1627,1653,3280,1555,68.2,6.6,2.1,21.2,12.9,20.0,5.1,1683,38,1721,2.2,68.4,28.9,2.9,2516,870
Lilyfield,7292,7887,15179,1742,74.8,12.9,3.4,28.7,9.4,10.1,10.2,7714,288,8002,3.6,70.1,21.9,7.9,11409,793
Linden,5636,5942,11578,888,68.1,6.1,3.4,16.7,12.0,23.0,7.0,5346,279,5625,5.0,62.4,33.4,4.1,9011,0
Lindfield,12228,12998,25226,1577,73.3,15.3,3.3,32.6,9.0,6.6,6.5,10934,517,11451,4.5,62.8,33.3,3.9,18234,935
Lisarow,4068,4084,8152,904,60.6,3.0,1.8,12.9,10.5,25.2,7.4,3910,236,4146,5.7,65.2,31.0,3.7,6355,520
Lismore,7599,7710,15309,635,58.4,2.7,1.9,11.7,7.0,22.6,12.4,6029,682,6711,10.2,52.9,38.2,8.9,12686,380
Lithgow,6570,6403,12973,624,54.7,1.1,1.0,6.1,6.0,23.9,16.6,4523,423,4946,8.6,46.4,45.6,8.0,10670,300
Liverpool,15271,15249,30520,631,54.1,3.6,0.7,11.0,8.7,13.6,16.6,8515,1104,9619,11.5,44.8,42.3,12.9,21448,430
Loftus,3638,3819,7457,1125,64.5,4.7,2.4,16.1,11.6,24.9,5.0,3764,117,3881,3.0,68.1,29.7,2.2,5701,630
Londonderry,4259,3509,7768,975,61.0,1.3,0.6,4.9,5.7,23.3,25.0,3214,112,3326,3.4,54.8,39.1,6.0,6070,550
Lord Howe Island,198,223,421,993,68.2,2.1,0.0,12.5,8.9,30.9,14.4,225,3,228,1.3,69.7,21.4,9.8,327,0
Lucas Heights,10847,10911,21758,1217,62.6,4.4,2.0,16.1,11.6,22.3,6.1,11686,447,12133,3.7,71.2,25.9,2.9,17032,0
Luddenham,5557,5474,11031,1131,59.0,3.3,1.1,12.0,9.3,23.7,9.5,4974,196,5170,3.8,69.3,24.5,6.2,7460,650
Lugarno,9521,9884,19405,951,59.2,4.6,1.7,16.0,10.4,18.6,7.9,8228,397,8625,4.6,58.8,37.2,4.1,14674,580
Lurnea,6213,6220,12433,545,44.3,1.5,0.4,6.6,7.0,15.6,13.3,3425,459,3884,11.8,43.5,47.6,9.0,8937,420
Macksville,2452,2568,5020,603,56.1,1.4,1.2,7.5,7.1,25.2,13.7,1603,151,1754,8.6,44.4,47.4,8.1,3951,370
Maclean,8213,8417,16630,587,57.1,1.6,1.4,8.5,7.7,24.8,13.2,5308,439,5747,7.6,40.9,51.8,7.3,14045,378
Macquarie Fields,12191,12725,24916,774,57.0,6.7,0.9,13.2,8.1,16.7,11.3,9541,986,10527,9.4,57.5,34.7,7.8,18296,383
Macquarie Park,11504,12320,23824,1048,70.2,14.9,1.9,28.0,8.4,8.1,8.9,10165,1002,11167,9.0,58.9,35.8,5.3,18948,0
Maitland,8370,8723,17093,877,58.8,2.4,1.4,10.5,8.9,26.3,9.3,7114,561,7675,6.9,62.0,32.4,5.6,12550,345
Malabar,13800,12536,26336,1006,64.3,5.9,1.3,14.1,8.4,15.4,19.2,10228,484,10712,4.5,53.4,38.8,7.8,20047,1000
Manly,11926,12280,24206,1731,78.3,12.3,2.9,31.9,10.1,9.4,11.6,12282,472,12754,3.7,68.5,23.1,8.4,18617,1475
Manly Vale,8949,9199,18148,1244,69.8,7.3,2.9,23.2,11.5,16.3,8.6,8481,323,8804,3.7,67.8,27.3,5.0,12991,950
Mannering Park,5439,5733,11172,634,52.7,0.9,0.7,5.5,7.2,27.3,11.1,3956,321,4277,7.5,47.3,46.8,5.8,9043,390
Manning Point,5336,5787,11123,668,62.4,2.4,1.9,10.3,9.8,27.1,11.0,3874,329,4203,7.8,48.0,46.3,5.8,8765,0
Marayong,9814,9600,19414,806,53.8,4.7,0.9,13.5,8.7,18.0,8.0,7938,706,8644,8.2,60.4,35.2,4.5,14315,390
Maroubra,5437,5609,11046,1070,66.4,10.0,2.0,23.6,8.8,11.9,10.1,4816,272,5088,5.4,59.4,34.3,6.4,8572,883
Marrickville,14239,14365,28604,1138,65.0,9.3,2.6,23.6,8.2,10.8,10.6,13905,820,14725,5.6,64.7,27.8,7.5,22760,750
Marsden Park,13272,13358,26630,1028,59.7,5.3,1.2,15.1,8.3,19.8,9.9,8411,473,8884,5.3,66.2,26.7,7.0,13410,550
Marsfield,11504,12320,23824,1048,70.2,14.9,1.9,28.0,8.4,8.1,8.9,10165,1002,11167,9.0,58.9,35.8,5.3,18948,695
Maryland,7509,7610,15119,957,57.5,3.5,1.4,11.5,8.9,26.5,5.7,6696,444,7140,6.2,69.5,27.6,2.9,10280,0
Mascot,14295,13704,27999,916,60.6,8.3,1.3,20.6,8.8,12.4,9.1,12241,803,13044,6.2,63.0,31.0,6.0,20715,680
Mayfield,7755,7711,15466,796,60.4,4.3,1.5,14.5,8.7,21.7,9.8,6939,648,7587,8.5,60.2,32.9,6.9,12609,0
Meadowbank,10561,10726,21287,1069,71.3,13.3,2.2,28.2,9.6,11.5,6.6,10372,718,11090,6.5,68.2,28.1,3.8,16260,0
Medowie,7368,7127,14495,848,60.4,1.6,1.0,7.5,9.6,28.9,11.9,6072,377,6449,5.8,59.6,32.3,8.1,10817,470
Menai,10847,10911,21758,1217,62.6,4.4,2.0,16.1,11.6,22.3,6.1,11686,447,12133,3.7,71.2,25.9,2.9,17032,700
Merewether,7202,7070,14272,1162,69.9,7.3,2.8,24.6,10.4,17.1,7.6,7187,304,7491,4.1,66.6,28.5,4.9,11252,563
Merimbula,5390,5786,11176,685,60.6,2.2,2.1,10.8,8.7,23.8,12.9,4098,197,4295,4.6,46.9,45.6,7.4,9156,450
Merrylands,16136,15137,31273,736,52.7,5.0,1.0,14.3,9.2,14.3,9.0,11434,1165,12599,9.2,56.1,38.5,5.3,22441,480
Merrylands West,11211,11125,22336,688,49.5,3.3,0.8,11.0,8.4,15.9,10.1,7886,805,8691,9.3,53.6,40.2,6.2,16206,500
Middleton Grange,8566,8573,17139,1037,55.1,3.3,0.9,14.6,10.5,18.2,7.6,7204,435,7639,5.7,68.5,26.8,4.7,11152,520
Miller,8999,9295,18294,491,40.5,0.9,0.3,4.2,5.7,14.4,15.1,4522,767,5289,14.5,40.2,49.1,10.6,13142,400
Millers Forest,5792,5824,11616,960,56.3,1.9,1.4,8.8,9.5,29.5,5.2,5117,299,5416,5.5,70.2,26.9,2.9,7714,0
Milperra,13505,14014,27519,956,57.9,4.0,1.4,13.9,9.9,21.1,7.7,12211,658,12869,5.1,62.6,33.2,4.2,20559,550
Minchinbury,11129,11295,22424,902,53.8,3.4,0.9,15.7,8.3,17.9,7.5,9851,727,10578,6.9,63.0,32.8,4.2,16786,458
Minmi,7509,7610,15119,957,57.5,3.5,1.4,11.5,8.9,26.5,5.7,6696,444,7140,6.2,69.5,27.6,2.9,10280,0
Minnamurra,3095,3092,6187,984,68.5,4.3,3.1,16.4,12.0,25.8,7.2,2746,138,2884,4.8,60.7,35.2,4.0,4754,640
Minto,10916,10934,21850,794,52.3,4.5,1.0,11.1,8.5,18.9,8.3,8897,751,9648,7.8,62.3,33.3,4.4,15486,405
Minto Heights,8517,8594,17111,838,54.1,3.0,1.0,9.2,8.7,23.7,8.5,7578,532,8110,6.6,61.2,34.0,4.8,13252,0
Miranda,9361,9789,19150,995,62.6,4.7,1.5,15.3,10.8,20.9,9.4,8759,387,9146,4.2,61.3,33.8,4.9,14914,650
Mittagong,4458,5091,9549,810,62.9,4.3,1.8,12.5,9.4,22.2,12.8,3951,148,4099,3.6,54.8,36.5,8.7,7483,470
Moama,3062,3246,6308,753,53.7,1.2,1.4,9.1,7.4,22.0,12.2,2441,101,2542,4.0,52.7,39.8,7.5,4823,435
Mona Vale,12659,13263,25922,1163,67.8,5.2,2.1,18.2,12.1,20.2,10.1,12146,396,12542,3.2,65.4,28.4,6.3,19191,950
Monterey,7433,7820,15253,921,60.5,5.0,1.3,16.3,10.3,15.4,12.2,6560,339,6899,4.9,58.8,33.3,7.9,11730,650
Moore Park,7993,8731,16724,1769,80.5,15.2,3.3,34.8,7.9,7.0,12.3,9000,312,9312,3.4,70.6,19.4,10.0,13199,0
Moorebank,10224,10325,20549,972,57.1,4.1,1.1,14.1,9.9,20.6,7.4,8793,470,9263,5.1,63.5,32.5,4.1,14597,580
Moree,4106,4236,8342,779,54.7,1.2,0.9,8.1,6.1,20.0,18.4,3295,271,3566,7.6,55.0,32.2,12.7,6481,290
Morisset,7893,8175,16068,705,59.4,3.1,1.3,9.5,8.7,24.7,12.0,5661,449,6110,7.3,48.5,45.8,5.7,12598,395
Mortdale,12484,12937,25421,1002,63.3,8.3,1.8,20.9,9.7,14.7,7.8,12081,715,12796,5.6,64.7,30.5,4.7,19780,600
Mortlake,11435,12271,23706,1239,65.1,8.3,2.3,22.1,10.3,14.5,7.7,10817,477,11294,4.2,62.7,32.8,4.6,18005,0
Moruya,4072,4110,8182,619,60.7,2.6,2.0,9.8,9.0,25.1,12.3,2875,207,3082,6.7,44.7,48.0,7.3,6891,380
Mosman,14402,16475,30877,1766,75.9,14.1,3.1,31.6,9.8,7.0,10.3,13999,567,14566,3.9,62.1,30.6,7.2,23465,1563
Moss Vale,5105,5400,10505,780,59.6,3.4,1.9,11.3,8.8,23.7,10.5,4283,163,4446,3.7,55.7,38.1,6.2,7986,460
Mount Annan,15680,16215,31895,1091,57.1,2.8,1.3,11.1,10.7,25.3,5.8,15309,710,16019,4.4,75.2,21.4,3.4,21313,460
Mount Colah,9743,9904,19647,1163,68.6,7.6,2.8,21.5,11.8,19.1,5.9,9611,416,10027,4.1,69.7,27.5,2.8,14390,595
Mount Druitt,11900,12011,23911,651,50.3,4.0,0.7,12.0,7.6,15.8,10.2,7946,995,8941,11.1,52.5,41.2,6.4,17043,380
Mount Hutton,4316,4841,9157,617,49.9,1.3,1.0,6.4,7.0,22.9,11.3,3250,330,3580,9.2,50.1,43.8,6.3,7151,420
Mount Kembla,7811,8038,15849,876,61.5,3.9,1.9,12.9,9.2,23.3,10.2,7039,457,7496,6.1,60.0,34.0,6.0,12496,0
Mount Lewis,13943,14048,27991,598,47.4,3.5,0.8,11.2,7.7,13.9,10.3,8758,842,9600,8.8,48.8,45.0,6.3,19678,460
Mount Pritchard,9082,9245,18327,613,39.7,1.3,0.4,8.0,6.6,14.6,8.9,6150,784,6934,11.3,50.9,43.2,5.9,13630,400
Mudgee,6094,6316,12410,827,59.1,1.5,1.3,9.9,7.3,25.7,13.5,5040,297,5337,5.6,58.4,32.9,8.7,9135,390
Mulgoa,5557,5474,11031,1131,59.0,3.3,1.1,12.0,9.3,23.7,9.5,4974,196,5170,3.8,69.3,24.5,6.2,7460,548
Mullumbimby,4286,4454,8740,641,67.8,3.8,2.0,15.8,10.6,18.8,16.7,3143,255,3398,7.5,52.0,35.3,12.8,6540,610
Murwillumbah,4439,4960,9399,619,57.2,1.7,1.5,8.9,8.1,23.7,13.4,3244,276,3520,7.8,48.5,43.0,8.4,7253,450
Muswellbrook,6346,6018,12364,844,52.7,1.3,0.8,6.1,5.8,26.1,12.7,4860,519,5379,9.6,57.8,35.8,6.4,9305,380
Nambucca Heads,3197,3652,6849,514,54.2,1.0,1.1,6.3,7.0,23.5,15.3,1833,232,2065,11.2,35.4,55.5,9.2,5832,350
Nana Glen,2001,2014,4015,752,64.2,2.5,1.8,10.2,9.6,27.7,12.3,1735,116,1851,6.3,60.4,31.5,8.4,3065,400
Narara,3431,3473,6904,894,60.1,3.1,1.7,12.2,10.2,25.7,7.3,3294,197,3491,5.6,65.6,30.2,4.2,5324,450
Naremburn,5833,5966,11799,1757,80.3,16.7,3.3,34.7,9.1,7.4,9.2,6330,260,6590,3.9,74.1,19.0,7.1,8899,1000
Narooma,4485,4713,9198,594,61.3,2.4,2.1,9.9,8.4,23.9,14.6,2841,177,3018,5.9,38.5,52.8,8.7,7834,0
Narrabeen,12977,13476,26453,1204,68.6,5.0,2.2,19.1,11.7,19.5,11.2,12707,386,13093,2.9,64.3,29.1,6.6,20366,1050
Narrabri,3607,3749,7356,796,53.9,1.7,1.1,7.8,5.9,22.4,14.9,3155,202,3357,6.0,59.4,30.4,10.3,5656,350
Narrandera,3015,3091,6106,668,52.0,0.9,1.1,6.6,5.9,20.2,17.6,2405,148,2553,5.8,52.6,36.4,10.9,4854,240
Narraweena,7339,7492,14831,1035,62.0,4.7,1.8,16.9,10.8,19.3,8.6,6746,251,6997,3.6,63.1,32.3,4.6,11094,750
Narromine,3329,3311,6640,693,52.1,0.7,0.8,8.0,6.4,21.8,14.4,2629,206,2835,7.3,55.3,34.5,10.0,5127,308
Narwee,7202,7515,14717,784,54.9,5.8,1.2,17.3,9.0,12.8,8.7,5962,491,6453,7.6,56.4,39.1,4.4,11439,585
Neutral Bay,9163,10293,19456,1732,80.7,14.5,3.3,34.3,9.7,7.4,11.5,10637,426,11063,3.9,69.5,21.7,8.8,15929,850
New Lambton,8289,8746,17035,937,63.7,5.7,2.5,18.4,9.9,20.3,7.0,7987,468,8455,5.5,63.8,32.3,3.9,13260,455
Newcastle,6140,5935,12075,1197,73.1,10.1,2.9,26.6,8.5,14.0,11.1,5975,363,6338,5.7,65.2,26.1,8.7,9726,0
Newport,6930,7029,13959,1239,70.6,6.6,2.6,22.6,13.7,18.6,6.7,6910,236,7146,3.3,67.4,29.1,3.5,10603,875
Newtown,13934,14421,28355,1335,72.4,12.8,3.1,31.5,7.0,7.3,10.7,14582,948,15530,6.1,68.4,22.5,9.1,22709,750
Niagara Park,4068,4084,8152,904,60.6,3.0,1.8,12.9,10.5,25.2,7.4,3910,236,4146,5.7,65.2,31.0,3.7,6355,450
Norah Head,5019,5277,10296,644,55.2,1.2,1.0,6.5,7.6,24.8,14.2,3456,302,3758,8.0,45.5,45.4,9.2,8258,410
Normanhurst,9446,9744,19190,1213,69.3,11.2,3.3,25.5,10.3,12.3,6.8,9022,399,9421,4.2,64.2,32.4,3.4,14678,650
North Avoca,7063,7218,14281,1020,65.7,4.8,2.4,18.3,11.3,21.0,8.1,6574,350,6924,5.1,63.1,32.5,4.4,10968,575
North Bondi,11791,11878,23669,1582,78.9,10.7,2.6,32.5,8.8,8.8,15.4,11873,455,12328,3.7,70.3,17.4,12.4,17544,1250
North Curl Curl,13410,13788,27198,1143,68.7,6.2,2.1,21.6,11.8,17.5,9.5,14062,522,14584,3.6,70.8,22.8,6.4,20591,1055
North Epping,15268,15219,30487,1133,70.5,15.6,2.8,29.0,9.0,8.2,5.8,13075,961,14036,6.8,62.8,34.5,2.8,22364,650
North Lambton,6151,6384,12535,773,61.4,3.8,1.8,14.5,8.3,21.5,11.7,5473,537,6010,8.9,59.1,32.2,8.8,10177,400
North Nowra,7918,8293,16211,721,61.2,2.3,1.9,10.1,9.9,25.6,11.4,6446,390,6836,5.7,53.1,40.1,6.9,12881,428
North Parramatta,12495,11930,24425,995,67.8,11.0,2.0,22.5,9.2,10.8,12.3,10491,982,11473,8.6,62.0,29.2,8.9,18517,500
North Rocks,4027,4269,8296,1159,67.2,9.2,2.5,22.9,11.5,15.4,5.7,3755,166,3921,4.2,62.7,34.8,2.5,6253,550
North Ryde,6533,6653,13186,1114,64.9,9.8,2.1,23.6,9.5,13.5,6.5,5894,314,6208,5.1,61.7,34.9,3.4,10062,650
North St Marys,8650,8433,17083,729,50.7,2.1,0.6,7.3,6.7,19.6,14.4,6353,701,7054,9.9,55.3,34.9,9.7,12753,340
North Strathfield,13494,13674,27168,1101,70.8,15.6,1.9,28.3,8.7,8.0,8.3,12491,960,13451,7.1,63.5,30.7,5.8,21181,720
North Sydney,6015,6169,12184,1905,82.1,17.3,3.3,34.7,8.6,6.0,12.3,6425,255,6680,3.8,69.3,21.0,9.7,9642,875
Northbridge,13144,13888,27032,1612,72.0,12.7,3.1,31.0,9.6,8.5,7.0,11959,511,12470,4.1,63.4,32.3,4.3,19654,1200
Northmead,11047,11291,22338,1086,74.8,15.5,2.1,26.5,8.4,11.4,10.9,9854,733,10587,6.9,65.8,26.9,7.2,16079,490
Nowra,10782,10427,21209,641,59.1,1.4,1.1,6.2,7.6,24.8,18.0,7161,659,7820,8.4,48.7,42.1,9.1,16048,380
Nyngan,2483,2477,4960,749,49.8,1.0,0.9,7.4,5.7,19.2,16.0,2087,145,2232,6.5,56.3,33.0,10.7,3962,0
Oak Flats,5011,5352,10363,771,55.1,1.7,1.1,7.4,9.2,27.0,8.6,4435,322,4757,6.8,57.6,38.0,4.3,8256,470
Oakdale,4869,4817,9686,1002,60.1,2.9,1.2,8.9,8.9,29.0,9.1,4579,185,4764,3.9,67.6,27.3,5.0,7044,410
Oatlands,9533,9703,19236,878,63.1,8.5,1.7,21.2,9.8,13.5,8.4,8010,589,8599,6.8,59.6,35.2,5.1,14423,600
Oatley,6631,6670,13301,1165,65.7,8.6,2.4,23.3,10.0,15.0,6.6,6250,314,6564,4.8,63.2,33.4,3.4,10390,620
Oberon,2449,2271,4720,761,55.2,1.2,0.9,6.3,6.3,22.8,17.7,1930,124,2054,6.0,53.1,36.2,10.6,3866,330
Ocean Shores,4143,4621,8764,685,67.4,3.6,2.5,14.9,11.3,21.8,13.4,3454,294,3748,7.8,54.8,35.9,9.2,6835,590
Old Bar,5336,5787,11123,668,62.4,2.4,1.9,10.3,9.8,27.1,11.0,3874,329,4203,7.8,48.0,46.3,5.8,8765,400
Orange,9804,10442,20246,829,59.4,3.0,1.8,12.4,8.4,22.8,10.9,8473,585,9058,6.6,59.6,33.8,6.6,15251,370
Orchard Hills,5557,5474,11031,1131,59.0,3.3,1.1,12.0,9.3,23.7,9.5,4974,196,5170,3.8,69.3,24.5,6.2,7460,0
Ourimbah,2541,2482,5023,947,62.0,3.4,1.6,14.2,11.1,24.2,7.5,2467,133,2600,5.1,66.8,29.7,3.7,3891,420
Oxley Park,6150,6138,12288,788,47.1,1.8,0.8,6.4,6.6,21.4,10.2,4972,431,5403,8.0,58.9,34.5,6.6,9168,360
Oyster Bay,10895,11218,22113,1215,67.2,6.3,2.6,19.4,12.4,19.8,6.6,10709,392,11101,3.5,67.0,29.7,3.3,16559,690
Paddington,7993,8731,16724,1769,80.5,15.2,3.3,34.8,7.9,7.0,12.3,9000,312,9312,3.4,70.6,19.4,10.0,13199,1100
Padstow,8674,8830,17504,860,56.2,4.5,1.4,14.8,9.2,17.9,8.4,7556,497,8053,6.2,58.9,36.4,4.7,13677,560
Pagewood,6023,6179,12202,817,59.1,6.4,1.2,15.5,8.6,15.1,12.2,5061,325,5386,6.0,57.4,34.5,8.1,9379,910
Palm Beach,6410,6631,13041,1237,69.1,6.6,2.7,22.0,13.1,16.6,8.1,6116,242,6358,3.8,62.9,32.6,4.4,10101,1100
Panania,13505,14014,27519,956,57.9,4.0,1.4,13.9,9.9,21.1,7.7,12211,658,12869,5.1,62.6,33.2,4.2,20559,600
Parkes,5453,5771,11224,721,54.5,1.2,1.0,7.4,6.1,24.3,14.6,4376,342,4718,7.2,54.3,36.0,9.6,8692,320
Parklea,18215,17254,35469,1260,69.4,9.4,1.9,23.2,10.7,14.1,10.0,16081,809,16890,4.8,70.9,25.7,3.4,23822,495
Parramatta,17886,15877,33763,974,73.3,16.5,1.8,28.4,8.1,6.5,12.0,14399,1474,15873,9.3,65.6,25.2,9.2,24205,490
Patonga,11918,12754,24672,705,57.0,2.5,1.2,8.7,8.8,23.9,11.9,9178,775,9953,7.8,50.4,42.6,6.9,19735,0
Peakhurst,9521,9884,19405,951,59.2,4.6,1.7,16.0,10.4,18.6,7.9,8228,397,8625,4.6,58.8,37.2,4.1,14674,600
Pemulwuy,13876,14251,28127,945,56.3,4.2,1.2,14.8,9.3,18.6,8.1,11972,693,12665,5.5,61.5,33.7,4.8,20597,640
Pendle Hill,7134,6759,13893,875,60.8,11.5,1.5,18.9,8.4,10.9,9.5,5367,453,5820,7.8,58.4,35.4,6.3,9974,470
Pennant Hills,10559,11243,21802,1336,71.8,13.8,3.3,28.0,9.9,9.9,6.8,10064,501,10565,4.7,63.8,32.2,4.0,16561,650
Penrith,7187,7436,14623,761,56.3,3.6,1.2,10.0,8.0,20.8,12.7,5758,537,6295,8.5,56.7,35.6,7.7,11110,395
Penshurst,12484,12937,25421,1002,63.3,8.3,1.8,20.9,9.7,14.7,7.8,12081,715,12796,5.6,64.7,30.5,4.7,19780,620
Petersham,11087,11006,22093,1382,74.3,12.0,3.4,28.6,9.0,10.2,11.1,11836,532,12368,4.3,70.6,20.1,9.3,17522,720
Picketts Valley,3536,3995,7531,715,58.1,2.5,1.6,10.8,9.2,24.8,9.2,2944,187,3131,6.0,51.7,44.0,4.4,6056,0
Picnic Point,13505,14014,27519,956,57.9,4.0,1.4,13.9,9.9,21.1,7.7,12211,658,12869,5.1,62.6,33.2,4.2,20559,635
Picton,8857,8977,17834,909,59.2,2.4,1.3,8.2,8.7,27.3,11.3,7892,412,8304,5.0,62.8,30.1,7.1,13216,430
Pitt Town,5701,5595,11296,1054,58.7,2.1,1.2,9.1,9.5,28.8,8.1,5504,158,5662,2.8,68.6,26.4,5.0,8256,650
Plumpton,10839,11093,21932,903,53.2,3.2,0.8,14.8,8.9,18.1,7.5,9784,750,10534,7.1,66.3,29.2,4.5,15899,420
Point Clare,3069,3239,6308,848,63.6,4.3,2.0,14.7,11.6,22.7,8.3,2814,187,3001,6.2,59.0,37.1,3.8,5084,425
Pokolbin,5526,5491,11017,966,59.7,1.6,1.2,8.8,8.3,29.4,10.4,4775,293,5068,5.8,64.8,28.7,6.6,7824,0
Port Hacking,1627,1653,3280,1555,68.2,6.6,2.1,21.2,12.9,20.0,5.1,1683,38,1721,2.2,68.4,28.9,2.9,2516,0
Port Kembla,5084,5089,10173,551,48.0,1.7,0.7,6.0,6.5,21.1,12.1,3066,420,3486,12.0,43.6,49.4,7.0,7989,425
Port Macquarie,11446,12540,23986,694,59.2,2.4,1.5,10.4,9.6,23.5,12.0,8812,612,9424,6.5,48.9,44.6,6.4,18900,450
Potts Point,13693,10542,24235,1560,82.0,12.0,2.6,27.0,8.0,8.2,24.3,12236,542,12778,4.2,62.6,15.2,22.2,20413,0
Pottsville,6886,7128,14014,726,61.4,2.4,1.9,11.8,9.2,25.0,11.2,5483,387,5870,6.6,56.3,36.0,7.6,10433,583
Prairiewood,4433,4376,8809,695,42.0,1.6,0.6,10.4,8.4,14.5,6.5,3133,293,3426,8.6,50.7,45.8,3.5,6758,445
Prestons,10158,10393,20551,958,55.6,4.3,1.0,14.8,10.6,16.9,8.1,7990,533,8523,6.3,65.3,30.4,4.3,13051,525
Primbee,2209,2172,4381,640,52.7,2.0,1.0,6.0,7.3,24.1,12.3,1587,132,1719,7.7,46.3,47.2,6.8,3711,415
Punchbowl,11532,10733,22265,592,46.3,3.7,0.6,11.2,7.9,12.7,10.1,7284,825,8109,10.2,50.4,43.3,6.3,16083,520
Putney,2048,2207,4255,1300,67.3,8.0,1.9,24.2,10.9,15.7,6.6,2076,84,2160,3.9,64.8,31.9,3.4,3335,1095
Pymble,8279,9044,17323,1605,72.4,15.4,3.6,31.7,9.2,6.8,5.7,7892,406,8298,4.9,65.2,31.6,3.1,12718,1000
Pyrmont,12204,12441,24645,1244,73.0,12.4,1.9,30.8,8.6,6.3,13.0,11495,947,12442,7.6,61.9,27.7,10.4,20090,770
Quakers Hill,12091,12189,24280,1077,62.4,7.2,1.8,19.1,10.4,18.1,5.8,11896,759,12655,6.0,72.4,24.5,3.1,17490,450
Queanbeyan,4199,4072,8271,1032,61.7,6.1,2.2,15.1,9.2,19.2,9.8,4129,223,4352,5.1,67.2,25.9,6.9,6575,470
Queanbeyan West,6510,6640,13150,1428,62.7,7.6,3.4,15.2,11.2,19.0,6.3,7125,254,7379,3.4,75.9,19.9,4.2,9725,480
Quirindi,3954,3933,7887,666,50.5,0.8,0.8,6.2,6.4,21.3,15.0,3015,241,3256,7.4,52.2,38.7,9.3,6243,270
Raby,10394,10623,21017,876,51.4,1.9,0.8,8.0,8.6,23.0,9.0,9479,690,10169,6.8,64.1,30.4,5.5,15863,420
Ramsgate,8182,9009,17191,961,60.4,4.5,1.4,15.3,10.7,18.2,10.3,7468,368,7836,4.7,58.8,35.0,6.1,13319,600
Randwick,7820,8429,16250,1452,75.9,12.5,2.8,29.4,8.8,10.5,12.0,8282,333,8616,3.9,67.4,23.5,9.0,12712,950
Rathmines,4593,4544,9137,807,62.3,2.7,1.8,10.7,11.0,28.8,7.2,3763,287,4050,7.1,54.3,42.0,3.7,7456,425
Raymond Terrace,6929,7096,14025,684,50.9,1.0,0.6,5.3,6.4,26.1,11.5,5264,583,5847,10.0,53.3,38.7,8.0,10968,360
Red Head,5336,5787,11123,668,62.4,2.4,1.9,10.3,9.8,27.1,11.0,3874,329,4203,7.8,48.0,46.3,5.8,8765,390
Redfern,13396,12810,26206,1097,72.4,11.6,2.2,29.6,7.6,7.1,14.3,11695,957,12652,7.6,59.6,28.6,11.8,21229,800
Redhead,1793,1824,3617,810,62.4,3.8,2.2,15.0,9.3,22.5,9.9,1510,87,1597,5.4,55.8,38.3,6.1,2864,490
Regents Park,2761,2597,5358,675,47.8,4.3,0.8,13.4,8.8,12.8,7.9,2002,207,2209,9.4,54.3,40.7,5.0,4069,478
Regentville,10717,11098,21815,1136,56.6,3.5,1.4,12.2,10.8,22.7,6.1,11618,476,12094,3.9,74.9,21.6,3.5,16143,408
Revesby,8539,8834,17373,849,55.0,4.2,1.1,14.7,9.1,17.3,8.6,7313,491,7804,6.3,59.4,35.6,5.1,13144,550
Richmond,6975,7456,14431,825,56.3,2.7,1.3,9.1,9.1,23.6,10.5,6334,390,6724,5.8,58.9,34.3,6.8,11425,420
Riverstone,13272,13358,26630,1028,59.7,5.3,1.2,15.1,8.3,19.8,9.9,8411,473,8884,5.3,66.2,26.7,7.0,13410,500
Riverwood,6129,6271,12400,602,52.2,5.6,1.0,15.0,8.2,11.9,10.5,4368,470,4838,9.7,50.9,42.4,6.7,9507,520
Robertson,1847,1839,3686,918,69.4,5.5,2.0,15.5,10.7,24.2,11.6,1617,52,1669,3.1,58.6,32.9,8.5,2850,460
Rockdale,11421,10716,22137,903,62.6,8.6,1.2,21.2,9.1,10.7,11.7,10103,791,10894,7.3,63.4,29.2,7.5,17182,610
Rodd Point,9294,10215,19509,1474,70.8,9.6,3.0,25.2,10.0,12.6,10.3,9554,344,9898,3.5,65.4,27.7,6.9,15145,850
Rooty Hill,11129,11295,22424,902,53.8,3.4,0.9,15.7,8.3,17.9,7.5,9851,727,10578,6.9,63.0,32.8,4.2,16786,420
Rose Bay,5880,6785,12665,1735,70.6,10.8,2.2,30.7,8.9,7.2,10.7,5388,214,5602,3.8,59.3,33.6,7.1,9439,1400
Rosehill,17886,15877,33763,974,73.3,16.5,1.8,28.4,8.1,6.5,12.0,14399,1474,15873,9.3,65.6,25.2,9.2,24205,0
Roselands,7291,7396,14687,759,52.9,4.1,0.9,14.1,8.9,15.9,9.1,5642,441,6083,7.2,56.3,37.9,5.9,10812,585
Rosemeadow,10543,10909,21452,839,52.7,2.2,1.1,8.8,8.5,22.0,10.2,9202,762,9964,7.6,60.9,32.9,6.3,16373,390
Roseville,12228,12998,25226,1577,73.3,15.3,3.3,32.6,9.0,6.6,6.5,10934,517,11451,4.5,62.8,33.3,3.9,18234,1130
Rouse Hill,13878,13950,27828,1290,64.5,6.9,1.9,21.0,11.4,17.4,5.9,11849,519,12368,4.2,73.6,23.2,3.2,16803,600
Rozelle,7292,7887,15179,1742,74.8,12.9,3.4,28.7,9.4,10.1,10.2,7714,288,8002,3.6,70.1,21.9,7.9,11409,775
Russell Vale,10144,10792,20936,948,64.0,5.3,2.5,14.4,10.4,23.1,8.2,9070,443,9513,4.7,60.6,34.8,4.6,15693,550
Rydalmere,11815,11676,23491,902,59.1,6.5,1.4,17.6,9.8,15.8,8.0,9743,642,10385,6.2,60.4,34.8,4.9,17191,495
Ryde,15303,15726,31029,1033,66.6,10.3,1.8,22.8,9.8,13.0,8.9,13502,835,14337,5.8,63.5,31.3,5.3,22595,660
San Remo,5525,5890,11415,697,48.7,0.5,0.5,4.3,6.7,27.6,9.1,4551,468,5019,9.3,59.3,36.0,4.7,8461,360
Sans Souci,8182,9009,17191,961,60.4,4.5,1.4,15.3,10.7,18.2,10.3,7468,368,7836,4.7,58.8,35.0,6.1,13319,650
Saratoga,3546,3761,7307,868,63.1,2.5,1.7,12.2,11.1,27.4,8.4,3185,158,3343,4.7,59.4,35.8,4.7,5626,520
Sawtell,9644,10338,19982,695,58.5,2.1,1.7,11.0,8.9,25.3,9.6,8004,689,8693,7.9,54.9,39.7,5.5,15841,448
Scone,2924,2903,5827,852,57.5,1.6,1.2,9.6,7.4,24.3,13.4,2641,122,2763,4.4,60.0,32.4,7.7,4605,340
Scotts Head,2452,2568,5020,603,56.1,1.4,1.2,7.5,7.1,25.2,13.7,1603,151,1754,8.6,44.4,47.4,8.1,3951,0
Seaforth,10451,11069,21520,1612,73.3,10.3,3.2,30.2,11.0,10.9,7.9,9916,369,10285,3.6,66.8,28.6,4.6,15391,1200
Seaham,2795,2737,5532,986,62.7,2.6,1.4,11.6,9.7,29.2,8.3,2769,127,2896,4.4,67.0,28.1,4.8,4325,0
Sefton,10265,9927,20192,638,47.6,2.3,0.8,10.0,7.6,14.5,12.4,6395,708,7103,10.0,49.0,45.4,5.7,14505,470
Seven Hills,13105,12637,25742,875,57.6,6.5,1.3,15.6,9.1,16.3,8.8,11013,790,11803,6.7,61.6,33.0,5.4,19168,410
Shellharbour,7151,7335,14486,864,58.0,2.3,1.3,9.5,9.8,26.6,8.3,6238,397,6635,6.1,61.5,34.0,4.4,10637,505
Shortland,6522,6244,12766,614,47.7,4.5,0.8,10.6,6.0,17.0,8.8,4213,796,5009,15.9,50.3,43.8,5.9,9956,380
Silverdale,2831,2668,5499,1030,55.4,1.7,0.6,7.4,7.8,29.4,8.6,2710,112,2822,4.0,69.6,25.3,5.0,4052,515
Silverwater,8322,7812,16134,1000,68.7,7.1,1.8,17.2,9.5,17.9,15.2,6337,413,6750,6.6,57.9,35.7,6.4,11435,0
Singleton,8282,8064,16346,975,55.4,1.6,1.0,7.9,6.8,29.1,9.1,7570,560,8130,6.9,64.3,29.9,5.9,12640,400
Skennars Head,4061,4277,8338,908,68.0,5.3,3.0,19.8,10.7,20.6,8.7,3793,208,4001,5.2,64.1,30.6,5.5,6242,590
Smithfield,9498,9608,19106,680,45.0,1.7,0.6,8.7,7.8,17.0,9.3,6638,612,7250,8.4,49.7,45.2,5.1,14573,450
South Granville,11771,11432,23203,564,46.4,3.0,0.6,9.8,7.8,13.1,12.0,6389,809,7198,11.2,45.5,46.1,8.4,15823,433
South Hurstville,12664,13038,25702,930,60.9,8.9,1.4,22.1,10.1,11.4,7.0,11248,850,12098,7.0,60.2,36.0,3.8,20107,600
South Penrith,8738,8986,17724,911,54.4,2.5,1.1,8.9,8.4,24.7,8.8,8154,473,8627,5.5,62.9,31.6,5.5,13711,420
South West Rocks,2609,2676,5285,603,54.9,1.1,0.9,7.2,7.3,26.3,12.3,1588,136,1724,7.9,38.7,55.2,6.2,4451,400
Springfield,9667,9986,19653,794,62.6,3.7,1.5,14.7,10.0,21.2,11.5,8506,686,9192,7.5,58.6,34.1,7.3,15692,450
Springwood,10685,11405,22090,1009,66.8,6.1,3.1,16.5,12.2,22.1,6.7,10554,436,10990,4.0,63.0,33.8,3.2,17433,450
St Albans,1435,1355,2790,843,67.3,3.4,1.7,9.5,8.7,25.6,18.1,1214,69,1283,5.4,57.2,28.6,14.0,2243,0
St Andrews,10916,10934,21850,794,52.3,4.5,1.0,11.1,8.5,18.9,8.3,8897,751,9648,7.8,62.3,33.3,4.4,15486,420
St Clair,10227,10315,20542,989,52.5,2.2,0.8,9.3,8.3,24.0,7.9,10245,550,10795,5.1,68.5,26.6,4.8,15749,430
St Georges Basin,7203,7517,14720,582,53.7,1.0,1.0,5.0,7.7,27.0,11.9,4491,436,4927,8.8,42.3,50.7,7.0,11657,410
St Ives,10469,11395,21864,1461,71.5,13.3,2.8,29.3,10.8,8.5,6.8,9562,422,9984,4.2,61.7,35.1,3.2,16173,965
St Johns Park,5463,5748,11211,708,41.2,1.6,0.6,10.7,7.2,13.9,7.2,4254,385,4639,8.3,51.4,44.7,3.9,9022,480
St Leonards,5833,5966,11799,1757,80.3,16.7,3.3,34.7,9.1,7.4,9.2,6330,260,6590,3.9,74.1,19.0,7.1,8899,0
St Marys,8650,8433,17083,729,50.7,2.1,0.6,7.3,6.7,19.6,14.4,6353,701,7054,9.9,55.3,34.9,9.7,12753,360
St Peters,4292,4212,8504,1255,65.9,8.4,2.8,23.3,9.5,12.9,8.8,4532,217,4749,4.6,71.2,22.1,6.7,6672,730
Stanmore,11087,11006,22093,1382,74.3,12.0,3.4,28.6,9.0,10.2,11.1,11836,532,12368,4.3,70.6,20.1,9.3,17522,820
Stockton,4180,4116,8296,769,62.6,2.7,1.3,9.9,7.9,24.2,16.8,2729,193,2922,6.6,45.4,41.8,12.8,6442,440
Strathfield,14018,13478,27496,1007,65.0,11.4,1.6,28.0,8.0,6.9,9.1,12615,907,13522,6.7,61.8,32.2,5.9,21874,700
Strathfield South,1924,1985,3909,1003,62.0,7.7,2.1,21.5,9.8,13.2,8.0,1749,128,1877,6.8,64.5,31.0,4.6,2911,603
Stroud,2397,2370,4767,610,52.3,1.4,1.0,6.4,7.5,24.1,12.1,1857,141,1998,7.1,50.4,42.8,6.9,3962,395
Summer Hill,7084,7235,14319,1257,68.4,11.3,2.9,25.7,9.0,11.0,8.5,7079,307,7386,4.2,66.0,28.4,5.5,11185,683
Summerland Point,3068,3004,6072,718,53.7,1.1,0.8,5.8,7.3,30.7,8.0,2346,203,2549,8.0,53.9,42.0,4.1,4728,400
Surry Hills,10419,7868,18287,1605,78.4,12.6,2.5,31.4,8.7,7.5,15.7,10182,491,10673,4.6,68.4,18.6,13.0,15606,895
Sussex Inlet,2270,2206,4476,537,54.1,1.1,0.9,5.3,6.5,28.6,11.8,1226,100,1326,7.5,34.4,60.0,5.7,3858,1005
Sutherland,10717,11404,22121,1079,67.2,5.7,2.0,17.5,11.3,21.4,9.4,10823,446,11269,4.0,65.7,29.6,4.7,17146,555
Swansea,5875,6120,11995,722,57.5,2.2,1.7,9.8,8.3,26.2,9.3,4619,374,4993,7.5,51.4,43.9,4.7,9710,393
Sydenham,4292,4212,8504,1255,65.9,8.4,2.8,23.3,9.5,12.9,8.8,4532,217,4749,4.6,71.2,22.1,6.7,6672,710
Sydney,16090,15592,31682,1146,73.6,10.8,1.2,27.8,10.9,4.9,17.9,15124,1046,16170,6.5,61.8,23.6,14.6,26159,0
Sylvania,8341,8743,17084,984,61.1,4.2,1.4,15.5,10.6,19.0,10.5,7063,331,7394,4.5,56.2,39.2,4.6,13156,723
Tahmoor,8857,8977,17834,909,59.2,2.4,1.3,8.2,8.7,27.3,11.3,7892,412,8304,5.0,62.8,30.1,7.1,13216,410
Tamarama,10022,10126,20148,1577,78.1,11.7,2.4,31.2,9.5,9.7,13.8,10413,406,10819,3.8,69.4,20.1,10.5,15587,1375
Tamworth,6981,7309,14290,736,55.2,1.7,1.2,8.6,7.0,23.1,13.5,5900,402,6302,7.6,57.0,34.5,8.5,10865,0
Tanilba Bay,3465,3358,6823,628,56.6,1.1,0.9,5.6,8.4,28.6,12.1,2282,221,2503,8.8,45.5,47.7,6.9,5497,400
Taree,10102,10800,20902,566,52.3,1.0,1.0,6.0,7.1,23.6,13.6,6628,803,7431,10.8,44.2,48.2,7.5,16799,340
Taren Point,8341,8743,17084,984,61.1,4.2,1.4,15.5,10.6,19.0,10.5,7063,331,7394,4.5,56.2,39.2,4.6,13156,873
Tarrawanna,7752,8246,15998,748,57.8,3.2,1.5,11.0,9.2,24.0,8.8,6596,520,7116,7.3,56.0,39.3,4.8,12718,530
Tathra,4235,4438,8673,703,58.4,2.4,2.0,11.1,7.7,22.0,13.1,3480,181,3661,4.9,53.4,38.9,7.8,6852,425
Tea Gardens,2661,2626,5287,630,59.1,2.0,1.4,8.6,9.7,25.9,11.6,1412,130,1542,8.4,33.9,60.3,5.8,4555,370
Temora,3439,3479,6918,641,49.8,0.7,1.1,7.8,5.8,22.5,12.0,2715,142,2857,5.0,52.5,40.7,6.9,5445,275
Tempe,4292,4212,8504,1255,65.9,8.4,2.8,23.3,9.5,12.9,8.8,4532,217,4749,4.6,71.2,22.1,6.7,6672,678
Tenterfield,3245,3393,6638,519,54.4,1.1,1.1,7.1,6.7,21.8,16.5,2361,200,2561,7.8,45.8,42.7,11.6,5591,240
Teralba,4241,4442,8683,710,55.8,1.6,1.3,7.9,7.7,26.2,11.1,3315,385,3700,10.4,52.4,40.4,7.2,7065,505
Terranora,1654,1724,3378,911,60.9,2.5,2.0,13.4,10.2,25.4,7.0,1538,105,1643,6.4,64.2,32.1,3.9,2560,605
Terrey Hills,1914,1902,3816,1258,65.8,6.0,2.3,19.0,11.2,18.3,8.9,1795,66,1861,3.5,63.5,31.0,5.3,2931,1098
Terrigal,7063,7218,14281,1020,65.7,4.8,2.4,18.3,11.3,21.0,8.1,6574,350,6924,5.1,63.1,32.5,4.4,10968,550
The Entrance,7633,8102,15735,678,56.2,1.8,1.2,8.4,8.2,23.4,13.2,5827,519,6346,8.2,50.4,41.8,7.8,12582,395
The Junction,7202,7070,14272,1162,69.9,7.3,2.8,24.6,10.4,17.1,7.6,7187,304,7491,4.1,66.6,28.5,4.9,11252,550
The Oaks,4869,4817,9686,1002,60.1,2.9,1.2,8.9,8.9,29.0,9.1,4579,185,4764,3.9,67.6,27.3,5.0,7044,550
The Rocks,16090,15592,31682,1146,73.6,10.8,1.2,27.8,10.9,4.9,17.9,15124,1046,16170,6.5,61.8,23.6,14.6,26159,0
Thirroul,5899,6055,11954,1156,72.6,10.2,3.8,21.8,10.8,18.4,7.5,5504,255,5759,4.4,64.0,31.4,4.7,9000,685
Thornleigh,9446,9744,19190,1213,69.3,11.2,3.3,25.5,10.3,12.3,6.8,9022,399,9421,4.2,64.2,32.4,3.4,14678,580
Thornton,5792,5824,11616,960,56.3,1.9,1.4,8.8,9.5,29.5,5.2,5117,299,5416,5.5,70.2,26.9,2.9,7714,435
Tighes Hill,4238,4252,8490,954,68.2,6.3,2.7,21.1,9.3,19.7,9.0,4231,298,4529,6.6,66.6,27.1,6.3,6803,460
Tocumwal,5073,4962,10035,662,53.4,0.8,0.9,7.2,6.6,21.9,16.1,3827,188,4015,4.7,49.9,39.7,10.4,8040,278
Tomakin,1722,1748,3470,713,64.4,2.7,3.3,12.6,9.1,23.6,13.2,1235,56,1291,4.3,46.3,45.8,8.0,2789,510
Tomerong,1790,1731,3521,801,64.3,2.5,1.9,9.4,9.0,31.2,10.4,1587,68,1655,4.1,58.4,35.5,6.2,2834,0
Toongabbie,12287,12146,24434,891,59.2,7.1,1.5,16.8,9.1,16.2,8.4,10506,738,11244,6.6,60.9,34.2,5.0,18465,450
Toronto,6680,7088,13768,747,58.2,3.1,1.3,10.7,8.6,24.2,10.3,5288,454,5742,7.9,50.9,43.3,5.7,11288,380
Toukley,5019,5277,10296,644,55.2,1.2,1.0,6.5,7.6,24.8,14.2,3456,302,3758,8.0,45.5,45.4,9.2,8258,363
Tregear,10957,11520,22477,674,47.3,2.9,0.5,7.6,6.1,16.6,13.7,7070,853,7923,10.8,52.1,39.0,8.9,15210,310
Tuggerah,2708,2757,5465,873,57.7,2.3,1.1,11.2,9.0,24.1,9.9,2409,164,2573,6.4,61.5,31.3,7.2,4182,430
Tumbarumba,1785,1707,3492,729,55.3,1.1,1.2,6.6,6.8,21.7,18.2,1459,69,1528,4.5,52.9,39.3,8.0,2886,270
Tumbi Umbi,7694,8068,15762,851,57.5,1.9,1.3,9.0,9.5,27.8,8.0,7245,455,7700,5.9,62.5,33.3,4.2,12316,465
Tumut,3102,3234,6336,699,54.1,1.0,0.8,7.5,6.7,22.0,16.1,2482,172,2654,6.5,52.2,36.4,11.3,5082,310
Tuncurry,3052,3320,6372,536,52.3,0.6,0.8,4.6,6.6,24.0,15.9,1641,182,1823,10.0,32.7,59.0,8.3,5570,390
Tura Beach,5390,5786,11176,685,60.6,2.2,2.1,10.8,8.7,23.8,12.9,4098,197,4295,4.6,46.9,45.6,7.4,9156,463
Tuross Head,4072,4110,8182,619,60.7,2.6,2.0,9.8,9.0,25.1,12.3,2875,207,3082,6.7,44.7,48.0,7.3,6891,420
Turramurra,9680,10611,20291,1441,72.3,12.5,3.3,28.8,10.3,9.0,8.3,8591,387,8978,4.3,57.9,36.7,5.4,15510,850
Tweed Heads,9839,10445,20284,648,57.1,1.9,1.2,8.5,8.3,23.0,14.2,7267,653,7920,8.2,47.2,44.0,8.9,16796,530
Tweed Heads South,3874,4455,8329,571,50.5,0.9,0.8,5.8,7.1,22.6,13.3,2569,234,2803,8.3,39.5,53.4,7.2,7098,525
Ulladulla,7802,8411,16213,602,58.1,1.9,1.7,8.3,8.1,25.3,12.7,5336,364,5700,6.4,44.1,48.2,7.7,12925,400
Ultimo,12204,12441,24645,1244,73.0,12.4,1.9,30.8,8.6,6.3,13.0,11495,947,12442,7.6,61.9,27.7,10.4,20090,750
Unanderra,7811,8038,15849,876,61.5,3.9,1.9,12.9,9.2,23.3,10.2,7039,457,7496,6.1,60.0,34.0,6.0,12496,420
Urunga,2388,2382,4770,659,59.7,2.1,1.6,10.7,8.2,24.8,12.1,1780,137,1917,7.1,47.7,45.3,7.0,4018,380
Valentine,6109,6213,12322,1022,66.1,4.9,2.3,17.7,11.4,23.3,6.5,5628,326,5954,5.5,61.1,35.7,3.3,9750,540
Vaucluse,5880,6785,12665,1735,70.6,10.8,2.2,30.7,8.9,7.2,10.7,5388,214,5602,3.8,59.3,33.6,7.1,9439,1950
Vincentia,2162,2369,4531,788,66.7,5.5,2.9,13.7,10.2,23.3,11.3,1675,89,1764,5.0,48.4,45.0,6.6,3644,480
Wadalba,8279,8787,17066,875,54.8,1.9,1.0,8.2,9.8,26.0,7.9,6700,429,7129,6.0,62.4,33.0,4.6,11416,500
Wadbilliga,13,12,25,450,64.0,0.0,0.0,24.0,12.0,12.0,28.0,11,0,11,0.0,44.0,36.0,28.0,25,0
Wagga Wagga,6854,7256,14110,867,58.2,3.3,1.7,12.9,7.6,23.3,9.4,6422,395,6818,5.9,63.0,31.2,5.9,10865,350
Wahroonga,7159,7463,14622,1355,73.4,13.8,3.0,29.7,9.7,8.8,8.5,6435,333,6768,5.2,61.6,33.8,4.6,11033,825
Waitara,5228,5457,10685,1130,75.0,14.9,2.9,29.8,9.6,9.1,8.7,4506,297,4803,6.2,62.7,32.6,4.7,7657,700
Wakeley,5463,5748,11211,708,41.2,1.6,0.6,10.7,7.2,13.9,7.2,4254,385,4639,8.3,51.4,44.7,3.9,9022,400
Walcha,1608,1623,3231,691,56.1,1.2,1.3,8.7,7.7,20.8,16.8,1467,48,1515,3.2,57.0,31.3,11.8,2660,0
Walgett,3387,2999,6386,523,48.9,1.0,0.7,6.9,6.0,16.3,17.9,2163,264,2427,10.9,47.4,40.3,12.3,5124,0
Wallsend,9618,10596,20214,753,57.8,3.5,1.2,12.0,8.3,23.0,9.8,8234,740,8974,8.2,55.2,39.3,5.6,16270,420
Wamberal,5133,5190,10323,1020,66.5,4.0,2.3,17.0,11.7,23.2,8.3,4678,198,4876,4.1,63.7,31.6,4.8,7656,593
Wandandian,1790,1731,3521,801,64.3,2.5,1.9,9.4,9.0,31.2,10.4,1587,68,1655,4.1,58.4,35.5,6.2,2834,0
Wangi Wangi,4593,4544,9137,807,62.3,2.7,1.8,10.7,11.0,28.8,7.2,3763,287,4050,7.1,54.3,42.0,3.7,7456,400
Warabrook,7755,7711,15466,796,60.4,4.3,1.5,14.5,8.7,21.7,9.8,6939,648,7587,8.5,60.2,32.9,6.9,12609,440
Waratah,6151,6384,12535,773,61.4,3.8,1.8,14.5,8.3,21.5,11.7,5473,537,6010,8.9,59.1,32.2,8.8,10177,420
Warilla,10358,10732,21090,620,50.8,1.0,0.8,5.3,6.9,24.6,12.2,7347,770,8117,9.5,48.4,44.2,7.3,16769,435
Warners Bay,6582,7159,13741,849,60.6,3.1,1.8,13.3,10.0,24.1,8.3,6103,408,6511,6.3,58.8,37.0,4.3,11080,450
Warnervale,8279,8787,17066,875,54.8,1.9,1.0,8.2,9.8,26.0,7.9,6700,429,7129,6.0,62.4,33.0,4.6,11416,535
Warragamba,2831,2668,5499,1030,55.4,1.7,0.6,7.4,7.8,29.4,8.6,2710,112,2822,4.0,69.6,25.3,5.0,4052,385
Warrawee,9091,9469,18560,1581,71.8,12.7,3.1,29.6,9.8,8.4,8.2,8364,369,8733,4.2,60.6,35.0,4.4,14409,900
Warrawong,5084,5089,10173,551,48.0,1.7,0.7,6.0,6.5,21.1,12.1,3066,420,3486,12.0,43.6,49.4,7.0,7989,380
Warren,2483,2477,4960,749,49.8,1.0,0.9,7.4,5.7,19.2,16.0,2087,145,2232,6.5,56.3,33.0,10.7,3962,255
Warriewood,12659,13263,25922,1163,67.8,5.2,2.1,18.2,12.1,20.2,10.1,12146,396,12542,3.2,65.4,28.4,6.3,19191,950
Warrimoo,9630,9907,19537,1109,69.1,7.0,3.5,19.4,11.6,21.2,6.5,9529,382,9911,3.9,65.6,30.8,3.6,15108,390
Warwick Farm,3401,3257,6658,627,56.8,4.0,0.8,11.6,7.8,13.5,19.2,1938,314,2252,13.9,47.5,37.7,14.8,4740,410
Waterfall,3274,3435,6709,1015,62.9,3.6,1.9,12.0,10.7,27.1,7.6,3212,130,3342,3.9,63.8,33.9,2.3,5238,0
Waterloo,20784,19467,40251,1176,69.2,11.5,1.9,25.6,8.1,9.0,13.0,17051,1279,18330,7.0,60.6,29.2,10.2,30235,760
Watsons Bay,5880,6785,12665,1735,70.6,10.8,2.2,30.7,8.9,7.2,10.7,5388,214,5602,3.8,59.3,33.6,7.1,9439,0
Wattle Grove,11004,10780,21784,1109,61.8,5.6,1.5,16.8,10.7,20.4,6.9,10792,477,11269,4.2,70.4,25.2,4.4,16013,510
Wauchope,5672,6127,11799,663,57.2,1.1,1.2,7.9,7.8,27.0,12.1,4242,338,4580,7.4,51.6,42.0,6.4,8878,390
Waverly,8867,9747,18614,1452,76.4,11.2,2.4,29.3,8.7,8.4,16.2,8633,370,9003,4.1,62.8,24.4,12.8,14331,0
Waverton,9384,10170,19554,1733,81.6,16.0,3.8,35.4,9.9,7.5,9.1,11144,395,11539,3.4,73.6,19.7,6.7,15682,920
Wedderburn,9652,10233,19885,772,50.4,1.8,0.8,7.1,7.9,23.2,9.6,7685,752,8437,8.9,58.1,35.8,6.1,14512,0
Wellington,5138,4326,9464,595,58.1,0.9,0.7,5.6,6.0,20.0,24.9,2879,290,3169,9.2,43.9,45.7,10.4,7223,280
Wentworth,2533,2380,4914,700,51.3,0.9,1.0,6.6,6.1,20.2,16.8,1993,123,2117,5.6,55.4,33.0,11.8,3866,250
Wentworth Falls,3017,3236,6253,812,69.7,7.6,3.5,18.4,11.3,19.0,9.7,2508,144,2652,5.4,52.2,42.7,5.1,5076,448
Wentworthville,8862,8410,17272,905,66.6,14.1,1.8,24.2,8.0,9.3,9.2,6882,709,7591,9.3,61.6,33.2,5.3,12333,470
Werrington,10715,10985,21700,856,55.8,4.1,1.2,11.3,8.1,21.3,9.8,8962,742,9704,7.6,63.5,30.2,6.3,15293,378
West Hoxton,8566,8573,17139,1037,55.1,3.3,0.9,14.6,10.5,18.2,7.6,7204,435,7639,5.7,68.5,26.8,4.7,11152,530
West Pennant Hills,6587,6631,13218,1416,68.3,11.4,2.5,28.1,9.9,11.4,4.9,6531,314,6845,4.6,65.6,32.2,2.2,10437,720
West Ryde,10561,10726,21287,1069,71.3,13.3,2.2,28.2,9.6,11.5,6.6,10372,718,11090,6.5,68.2,28.1,3.8,16260,600
West Wallsend,3351,3417,6768,807,53.7,1.2,0.8,5.8,7.1,32.0,6.9,3006,234,3240,7.2,62.7,33.3,4.0,5166,460
West Wyalong,2992,2980,5972,712,52.7,0.8,0.8,6.7,5.2,21.7,17.4,2525,95,2620,3.6,55.6,32.3,11.9,4711,0
Westleigh,9446,9744,19190,1213,69.3,11.2,3.3,25.5,10.3,12.3,6.8,9022,399,9421,4.2,64.2,32.4,3.4,14678,750
Westmead,8862,8410,17272,905,66.6,14.1,1.8,24.2,8.0,9.3,9.2,6882,709,7591,9.3,61.6,33.2,5.3,12333,500
Wetherill Park,9498,9608,19106,680,45.0,1.7,0.6,8.7,7.8,17.0,9.3,6638,612,7250,8.4,49.7,45.2,5.1,14573,480
Whalan,11900,12011,23911,651,50.3,4.0,0.7,12.0,7.6,15.8,10.2,7946,995,8941,11.1,52.5,41.2,6.4,17043,335
Wickham,4238,4252,8490,954,68.2,6.3,2.7,21.1,9.3,19.7,9.0,4231,298,4529,6.6,66.6,27.1,6.3,6803,450
Wiley Park,5861,5196,11057,598,55.2,8.2,1.2,16.9,8.6,9.6,10.6,3656,500,4156,12.0,53.7,38.5,7.7,7742,425
Williamtown,7368,7127,14495,848,60.4,1.6,1.0,7.5,9.6,28.9,11.9,6072,377,6449,5.8,59.6,32.3,8.1,10817,0
Willoughby,13144,13888,27032,1612,72.0,12.7,3.1,31.0,9.6,8.5,7.0,11959,511,12470,4.1,63.4,32.3,4.3,19654,910
Windale,4316,4841,9157,617,49.9,1.3,1.0,6.4,7.0,22.9,11.3,3250,330,3580,9.2,50.1,43.8,6.3,7151,355
Windang,2209,2172,4381,640,52.7,2.0,1.0,6.0,7.3,24.1,12.3,1587,132,1719,7.7,46.3,47.2,6.8,3711,490
Windsor,7673,7964,15637,912,54.0,1.9,1.0,7.6,8.1,27.2,8.3,7632,407,8039,5.1,66.3,28.5,5.1,12120,420
Wingham,2619,2860,5479,580,50.8,0.9,1.0,6.1,6.2,24.9,11.7,1868,200,2068,9.7,46.7,47.1,6.3,4428,320
Winmalee,10685,11405,22090,1009,66.8,6.1,3.1,16.5,12.2,22.1,6.7,10554,436,10990,4.0,63.0,33.8,3.2,17433,460
Winston Hills,5581,5660,11241,1120,63.9,6.0,2.2,19.9,11.5,18.7,5.6,5287,229,5516,4.2,65.7,32.1,2.1,8394,540
Wisemans Ferry,11119,11127,22246,1143,63.3,5.0,1.8,17.0,10.6,20.3,8.7,10568,353,10921,3.2,64.1,30.8,5.0,17031,0
Wollongong,8809,8174,16983,825,64.4,7.4,2.2,18.4,8.4,16.2,11.7,6774,691,7465,9.1,55.0,36.6,8.3,13544,480
Woodbine,10171,10150,20321,807,55.3,3.5,1.1,11.9,8.7,19.3,10.8,7877,669,8546,7.8,58.0,35.4,6.6,14735,380
Woodcroft,12312,12391,24703,873,56.6,5.7,1.1,18.8,8.4,14.5,8.0,10249,858,11107,7.7,62.3,33.5,4.3,17831,470
Woodville,2795,2737,5532,986,62.7,2.6,1.4,11.6,9.7,29.2,8.3,2769,127,2896,4.4,67.0,28.1,4.8,4325,320
Woolgoolga,6639,6611,13250,662,57.3,1.6,1.6,10.8,8.7,22.5,12.1,4863,404,5267,7.7,51.2,40.8,8.0,10280,450
Woollahra,3747,4546,8293,1850,79.3,13.8,2.8,35.2,7.8,6.0,13.6,3959,133,4092,3.3,62.4,27.0,10.5,6553,1250
Woollamia,1790,1731,3521,801,64.3,2.5,1.9,9.4,9.0,31.2,10.4,1587,68,1655,4.1,58.4,35.5,6.2,2834,0
Woolloomooloo,13693,10542,24235,1560,82.0,12.0,2.6,27.0,8.0,8.2,24.3,12236,542,12778,4.2,62.6,15.2,22.2,20413,0
Woolwich,5560,5427,10987,1625,68.8,11.3,2.7,25.3,8.9,9.2,11.4,4456,148,4604,3.2,55.3,39.5,5.3,8327,0
Woonona,10144,10792,20936,948,64.0,5.3,2.5,14.4,10.4,23.1,8.2,9070,443,9513,4.7,60.6,34.8,4.6,15693,600
Woronora,10847,10911,21758,1217,62.6,4.4,2.0,16.1,11.6,22.3,6.1,11686,447,12133,3.7,71.2,25.9,2.9,17032,650
Woronora Heights,1819,1809,3628,1302,65.4,3.9,2.9,16.3,13.2,24.3,4.7,2187,53,2240,2.4,75.5,22.5,2.0,2965,0
Woy Woy,7009,7460,14469,686,55.6,2.7,1.4,9.2,8.3,22.0,11.9,5289,474,5763,8.2,48.8,44.3,6.8,11801,395
Wyoming,5683,6146,11829,751,59.0,2.2,1.2,10.1,9.8,23.1,12.5,4692,382,5074,7.5,54.3,39.0,6.7,9346,450
Wyong,4578,4644,9222,647,52.3,1.2,0.8,6.8,7.6,23.9,12.0,3327,370,3697,10.0,51.8,40.9,7.4,7133,395
Yagoona,11221,11173,22394,642,47.0,2.9,0.7,11.6,7.8,14.5,9.5,7532,804,8336,9.6,51.4,42.6,6.0,16214,500
Yamba,8213,8417,16630,587,57.1,1.6,1.4,8.5,7.7,24.8,13.2,5308,439,5747,7.6,40.9,51.8,7.3,14045,480
Yarramalong,1807,1723,3530,1016,63.6,3.1,1.6,11.9,10.5,23.9,12.6,1644,58,1702,3.4,62.5,28.7,8.7,2722,0
Yarramundi,4259,3509,7768,975,61.0,1.3,0.6,4.9,5.7,23.3,25.0,3214,112,3326,3.4,54.8,39.1,6.0,6070,0
Yarrawarrah,3638,3819,7457,1125,64.5,4.7,2.4,16.1,11.6,24.9,5.0,3764,117,3881,3.0,68.1,29.7,2.2,5701,0
Yass,3217,3462,6679,905,59.7,2.7,1.9,11.8,8.1,22.1,13.0,2961,110,3071,3.6,59.2,31.6,9.3,5186,340
Young,5189,5631,10820,637,51.7,1.0,1.0,7.5,6.6,23.4,12.2,4189,275,4464,6.2,53.4,39.2,7.4,8352,280
Yowie Bay,9361,9789,19150,995,62.6,4.7,1.5,15.3,10.8,20.9,9.4,8759,387,9146,4.2,61.3,33.8,4.9,14914,800
