suburb,id,lng,lat
Abbotsbury,1,150.86643830000003,-33.8790951
Abbotsford,2,151.1289528,-33.8509528
Abercrombie,3,149.551895,-33.392742
Aberdare,4,151.3752102,-32.8432478
Aberdeen,5,150.8921355,-32.1676989
Aberglasslyn,6,151.53991269999997,-32.7026203
Abermain,7,151.4286392,-32.8105726
Abernethy,8,151.397003,-32.881729
Acacia Creek,9,152.3137574,-28.3832739
Acacia Gardens,10,150.917,-33.7322
Adaminaby,11,148.77379530000005,-35.995883
Adamstown,12,151.728899,-32.930834999999995
Adamstown Heights,13,151.711356,-32.952564
Adelong,14,148.07139909999995,-35.3095232
Agnes Banks,15,150.710327,-33.615032
Airds,16,150.8227558,-34.0922221
Albion Park,17,150.7766199,-34.570493299999995
Albion Park Rail,18,150.7873886,-34.5479608
Albury,19,146.94289730000003,-36.0660164
Aldavilla,20,152.746948,-31.076496
Alectown,21,148.17353,-32.9332199
Alexandria,22,151.1994876,-33.9020224
Alfords Point,23,151.024421,-33.993344
Alison,24,151.40168799999995,-33.264446
Allambie Heights,25,151.2551013,-33.767193
Allawah,26,151.11573280000005,-33.9702394
Allworth,27,151.944122,-32.531281
Alpine,28,150.530609,-34.391296000000004
Alstonville,29,153.4220911,-28.834462
Ambarvale,30,150.8005456,-34.0947333
Anglers Reach,31,148.662216,-36.008385
Angourie,32,153.36013799999995,-29.479216
Anna Bay,33,152.085796,-32.777697100000005
Annandale,34,151.1670987,-33.8837041
Annangrove,35,150.95214840000003,-33.6667137
Appin,36,150.7797978,-34.2115845
Apple Tree Flat,37,149.68765,-32.674669
Arakoon,38,153.0587391,-30.9064238
Arcadia,39,151.0441863,-33.620180299999994
Arcadia Vale,40,151.574539,-33.058941
Ardlethan,41,146.9026269,-34.3577277
Argenton,42,151.6306431,-32.9354343
Ariah Park,43,147.220731,-34.348322
Armatree,44,148.48106,-31.4478699
Armidale,45,151.6485166,-30.5150721
Arncliffe,46,151.142594,-33.943233
Arndell Park,47,150.8897419,-33.7903125
Arrawarra,48,153.18800900000005,-30.048923
Arrawarra Headland,49,153.199432,-30.067488
Artarmon,50,151.180367,-33.815668
Ashbury,51,151.1201175,-33.9006282
Ashcroft,52,150.896683,-33.919146999999995
Ashfield,53,151.1291067,-33.8904427
Ashley,54,149.848202,-29.473380100000004
Ashmont,55,147.34748000000005,-35.119165
Ashtonfield,56,151.5903679,-32.767529100000004
Asquith,57,151.109382,-33.696695899999995
Auburn,58,151.021195,-33.8480295
Austinmer,59,150.938837,-34.300451
Austral,60,150.8133719,-33.9282713
Avalon Beach,61,151.3197707,-33.639943599999995
Avoca Beach,62,151.43272119999997,-33.465196899999995
Avondale,63,150.7790685,-34.51432090000001
Avonside,64,148.7605619,-36.3527044
Awaba,65,151.542201,-33.016355
Baan Baa,66,149.95183,-30.5975699
Badgerys Creek,67,150.745728,-33.879532
Balaclava,68,150.4728006,-34.44133970000001
Balcolyn,69,151.547028,-33.094769
Balgowlah,70,151.258983,-33.794576
Balgowlah Heights,71,151.2574534,-33.80104420000001
Balgownie,72,150.8803028,-34.38859
Ballina,73,153.5552988,-28.8466923
Balmain,74,151.1776503,-33.855797100000004
Balmain East,75,151.193553,-33.857477
Bangalee,76,150.559522,-34.839385
Bangalow,77,153.5217054,-28.68517589999999
Bangor,78,151.0293106,-34.0180054
Banksia,79,151.1412099,-33.9466684
Banksmeadow,80,151.2088561,-33.9587961
Bankstown,81,151.030154,-33.9237437
Bankstown Aerodrome,82,150.99003330000005,-33.915336700000005
Banora Point,83,153.53306669999995,-28.2283228
Bar Beach,84,151.7654375,-32.9384868
Baradine,85,149.068498,-30.949517
Barangaroo,86,151.2028921,-33.866338
Barden Ridge,87,151.008939,-34.033576000000004
Bardia,88,150.8634154,-33.9788869
Bardwell Park,89,151.1254325,-33.9316527
Bardwell Valley,90,151.133102,-33.934635
Barellan,91,146.572379,-34.285031
Bargo,92,150.5799159,-34.292463700000006
Barham,93,144.12858380000003,-35.62910520000001
Barmedman,94,147.3869595,-34.144274
Barnsley,95,151.5863085,-32.9320291
Barraba,96,150.60931509999998,-30.380164
Barrack Heights,97,150.85716509999997,-34.559056299999995
Barrack Point,98,150.866089,-34.564129
Barrengarry,99,150.52568090000003,-34.7175454
Barry,100,149.27174399999996,-33.645962
Basin View,101,150.5626782,-35.0908326
Bass Hill,102,150.9992625,-33.90059160000001
Bateau Bay,103,151.480697,-33.381446999999994
Batehaven,104,150.200066,-35.732765
Batemans Bay,105,150.16850280000003,-35.72189710000001
Bathurst,106,149.5433333,-33.4152778
Batlow,107,148.145873,-35.51956
Baulkham Hills,108,150.9635188,-33.7555342
Bawley Point,109,150.391084,-35.507785
Bayview,110,151.29850880000004,-33.659221200000005
Beacon Hill,111,151.254806,-33.752534000000004
Beaconsfield,112,151.202247,-33.9088737
Beaumont Hills,113,150.9412511,-33.698524400000004
Beckom,114,146.9612446,-34.3252034
Beechwood,115,152.668753,-31.436339
Beecroft,116,151.065695,-33.749185600000004
Beecroft Peninsula,117,150.8203326,-35.0186305
Beelbangera,118,146.102158,-34.254017
Bega,119,149.845464,-36.68385720000001
Belbora,120,152.178497,-32.012878
Belfield,121,151.0839486,-33.9016408
Belford,122,151.28866599999995,-32.656303
Belimbla Park,123,150.543198,-34.075835999999995
Bell,124,150.278888,-33.5056603
Bella Vista,125,150.946552,-33.732147999999995
Bellambi,126,150.91042869999995,-34.3707184
Bellata,127,149.79052980000003,-29.9183409
Bellawongarah,128,150.617456,-34.761177
Bellbird,129,151.3246726,-32.8542678
Bellbird Heights,130,151.3292969,-32.8490352
Bellbrook,131,152.49789730000003,-30.6977141
Bellevue Hill,132,151.2673478,-33.8852592
Bellingen,133,152.89521489999996,-30.4510781
Belmont,134,151.6650237,-33.0271038
Belmont North,135,151.6676733,-33.020155100000004
Belmont South,136,151.6553937,-33.0497104
Belmore,137,151.0886841,-33.919250500000004
Belrose,138,151.21744630000003,-33.7284795
Bemboka,139,149.567115,-36.625704
Ben Bullen,140,150.03553480000005,-33.2427646
Benandarah,141,150.239304,-35.64788400000001
Bendalong,142,150.531403,-35.246799
Bendemeer,143,151.15838530000005,-30.880671000000003
Bendick Murrell,144,148.45053,-34.1550299
Benerembah,145,145.83341969999995,-34.6126213
Bennetts Green,146,151.689275,-32.999351000000004
Bensville,147,151.38155469999995,-33.4988442
Berala,148,151.0324997,-33.8714515
Berambing,149,150.4397962,-33.5371651
Beresfield,150,151.6423455,-32.810686600000004
Bergalia,151,150.10498,-35.981491
Berkeley,152,150.8481641,-34.4658655
Berkeley Vale,153,151.443489,-33.358463
Berkshire Park,154,150.793814,-33.664825
Bermagui,155,150.06678469999997,-36.4458692
Berowra,156,151.1415741,-33.615542299999994
Berowra Creek,157,151.15699819999998,-33.534129
Berowra Heights,158,151.14325449999995,-33.6073384
Berowra Waters,159,151.1207215,-33.5994709
Berrara,160,150.549408,-35.206299
Berridale,161,148.8266878,-36.3656014
Berrigan,162,145.81155619999996,-35.65658
Berrilee,163,151.093124,-33.61718400000001
Berrima,164,150.325976,-34.495827
Berry,165,150.6965482,-34.780984499999995
Bethungra,166,147.855901,-34.760997
Beverley Park,167,151.1355635,-33.9831581
Beverly Hills,168,151.0827844,-33.9514838
Bewong,169,150.53322759999998,-35.0858745
Bexley,170,151.121224,-33.9526544
Bexley North,171,151.11213700000005,-33.944107
Bibbenluke,172,149.28071599999996,-36.81097000000001
Bickley Vale,173,150.665955,-34.070927000000005
Bidwill,174,150.8231396,-33.73261160000001
Bigga,175,149.150909,-34.085056
Bilambil,176,153.4848822,-28.2282846
Bilambil Heights,177,153.485159,-28.215477000000003
Bilbul,178,146.135651,-34.274487
Bilgola Beach,179,151.32679869999996,-33.6456528
Bilgola Plateau,180,151.31652490000005,-33.6427164
Billimari,181,148.6167608,-33.6800789
Billinudgel,182,153.528294,-28.5056411
Bilpin,183,150.575331,-33.51398700000001
Binalong,184,148.63239,-34.6686479
Bingara,185,150.5715803,-29.8689887
Biniguy,186,150.2057803,-29.542775
Binnaway,187,149.3776706,-31.5524407
Binya,188,146.34451299999995,-34.229355
Birchgrove,189,151.18166599999995,-33.851509
Birmingham Gardens,190,151.6817728,-32.8956943
Birrong,191,151.0223701,-33.891018
Black Head,192,152.5382609,-32.068558
Black Hill,193,151.583374,-32.823437
Black Springs,194,149.757206,-33.837988
Blackalls Park,195,151.58417769999997,-32.9910978
Blackbutt,196,150.84165149999995,-34.5694424
Blackett,197,150.816648,-33.737439
Blackheath,198,150.285419,-33.637015000000005
Blackmans Flat,199,150.071945,-33.370377000000005
Blackmans Point,200,152.828198,-31.39108
Blacksmiths,201,151.6501909,-33.0789065
Blacktown,202,150.9120581,-33.7550615
Blackwall,203,151.3317293,-33.505963
Blair Athol,204,150.804932,-34.064365
Blairmount,205,150.803391,-34.048092
Blakebrook,206,153.229996,-28.763645
Blakehurst,207,151.112491,-33.989469
Blaxland,208,150.60955780000003,-33.736884100000005
Blayney,209,149.254054,-33.532764
Bligh Park,210,150.81450759999996,-33.6417204
Blighty,211,145.28765900000005,-35.591927
Blue Bay,212,151.4996154,-33.352636100000005
Blue Haven,213,151.5084325,-33.2126507
Blue Knob,214,153.1868149,-28.5449325
Blueys Beach,215,152.534393,-32.347246000000005
Boambee,216,153.0689177,-30.3441657
Boambee East,217,153.07421169999995,-30.3465815
Boat Harbour,218,152.10647230000004,-32.7811418
Bobs Farm,219,152.020253,-32.767832
Bodalla,220,150.0576782,-36.0969924
Bogan Gate,221,147.80227649999995,-33.1085281
Bogangar,222,153.5687245,-28.3310701
Boggabilla,223,150.3509892,-28.6086434
Boggabri,224,150.0436576,-30.7044008
Bohena Creek,225,149.6328475,-30.460811100000004
Bolivia,226,151.961365,-29.289551
Bolton Point,227,151.612457,-33.00388
Bolwarra,228,151.5687705,-32.7134264
Bolwarra Heights,229,151.58971200000005,-32.701228
Bomaderry,230,150.6117948,-34.8458741
Bombala,231,149.2361458,-36.9131538
Bombira,232,149.596893,-32.576996
Bombo,233,150.8538007,-34.6585544
Bomen,234,147.408226,-35.071944200000004
Bonalbo,235,152.621845,-28.737697
Bondi,236,151.27096799999995,-33.888675
Bondi Beach,237,151.26896340000005,-33.8848066
Bondi Junction,238,151.244801,-33.891306
Bonnells Bay,239,151.51799440000005,-33.1076779
Bonnet Bay,240,151.05602,-34.009173
Bonny Hills,241,152.8418386,-31.5981999
Bonnyrigg,242,150.88386469999998,-33.896933000000004
Bonnyrigg Heights,243,150.8686366,-33.88778860000001
Bonville,244,153.0064073,-30.3790979
Booker Bay,245,151.34666399999998,-33.516239
Boolaroo,246,151.6170648,-32.9547001
Boomerang Beach,247,152.539285,-32.345913
Booragul,248,151.60864030000005,-32.9763679
Booral,249,151.9594573,-32.4710617
Boorooma,250,147.362411,-35.072651
Boorowa,251,148.72310269999997,-34.4349423
Boree Creek,252,146.60756,-35.1095799
Borenore,253,148.97638999999995,-33.2519699
Bossley Park,254,150.87808700000005,-33.8570836
Bostobrick,255,152.6326292,-30.2761534
Botany,256,151.1943977,-33.94037410000001
Bouddi,257,151.38273600000005,-33.520405
Bourkelands,258,147.3512604,-35.1523753
Bournda,259,149.9134813,-36.8492723
Bow Bowing,260,150.836624,-34.020298
Bowen Mountain,261,150.624771,-33.574265000000004
Bowenfels,262,150.1331466,-33.4756116
Bowning,263,148.8130794,-34.7700773
Bowral,264,150.41475780000005,-34.4830263
Bowraville,265,152.85286509999997,-30.6474617
Box Hill,266,150.90567,-33.63932
Bradbury,267,150.80790430000005,-34.0894059
Braemar,268,150.4914254,-34.425348
Braidwood,269,149.79895259999995,-35.4448515
Brandy Hill,270,151.6941735,-32.7010081
Branxton,271,151.3464892,-32.6618323
Breadalbane,272,149.48998999999995,-34.7892499
Breakfast Point,273,151.1086889,-33.8423972
Bredbo,274,149.14672980000003,-35.9538797
Brewongle,275,149.71321,-33.4788499
Bribbaree,276,147.88149,-34.1182899
Bridgman,277,151.13702,-32.4888499
Brightwaters,278,151.54226699999995,-33.113518
Bringelly,279,150.731415,-33.940312
Broadmeadow,280,151.7258199,-32.9243365
Broadwater,281,149.8792132,-36.9670055
Brocklehurst,282,148.61999939999995,-32.1843572
Brogans Creek,283,149.94672930000004,-32.9848175
Brogo,284,149.820221,-36.556824
Broke,285,151.1036148,-32.750436
Broken Head,286,153.6030122,-28.7132745
Bronte,287,151.25919840000003,-33.905381899999995
Brooklyn,288,151.2015263,-33.5492146
Brookvale,289,151.27625830000005,-33.762175
Broulee,290,150.1760261,-35.853911
Brownlow Hill,291,150.656955,-34.032515000000004
Brownsville,292,150.80665259999995,-34.4852425
Brucedale,293,147.416458,-35.028240000000004
Brundee,294,150.663956,-34.899208
Brunswick Heads,295,153.546947,-28.544822
Buchanan,296,151.535781,-32.799863
Buckajo,297,149.811138,-36.705547
Buddabadah,298,147.2489967,-31.96258679999999
Budgee Budgee,299,149.6621465,-32.5340619
Budgewoi,300,151.5503821,-33.2331888
Buff Point,301,151.542633,-33.232333000000004
Bugaldie,302,149.18069,-31.1821199
Bulahdelah,303,152.2091416,-32.4134672
Bulga,304,151.0204237,-32.6526663
Bullaburra,305,150.4146564,-33.7235886
Bullarah,306,149.2297362,-29.470915
Bulli,307,150.9137355,-34.3273049
Bulliac,308,152.03563390000005,-31.9162277
Bumbaldry,309,148.466461,-33.901794
Bundagen,310,153.0262447,-30.4092557
Bundanoon,311,150.2974658,-34.6560531
Bundarra,312,151.07537130000003,-30.1705139
Bundeena,313,151.15150380000003,-34.0848811
Bundook,314,152.12535,-31.8931599
Bungarribee,315,150.871613,-33.770584
Bungendore,316,149.4385625,-35.2541025
Bungonia,317,149.9088633,-34.962622499999995
Bungwahl,318,152.444504,-32.387081
Buronga,319,142.1824029,-34.17129370000001
Burraboi,320,144.31807,-35.3921199
Burradoo,321,150.3980166,-34.4941178
Burraneer,322,151.139696,-34.054982
Burrawang,323,150.51658999999995,-34.59337
Burrell Creek,324,152.295883,-31.95205300000001
Burren Junction,325,148.966507,-30.103596000000003
Burrill Lake,326,150.4446158,-35.3884125
Burringbar,327,153.4713738,-28.4350312
Burrundulla,328,149.621074,-32.628611199999995
Burwood,329,151.1071185,-33.8763063
Burwood Heights,330,151.1010783,-33.89146059999999
Busby,331,150.883804,-33.910671
Bushells Ridge,332,151.46993999999995,-33.192440000000005
Buttaba,333,151.58143710000004,-33.0538014
Buttai,334,151.560944,-32.819149
Buxton,335,150.5346342,-34.254881899999994
Byabarra,336,152.54220580000003,-31.5271339
Bylong,337,150.11469269999995,-32.4164841
Byron Bay,338,153.5867036,-28.6361256
Bywong,339,149.3356328,-35.1476922
Cabarita,340,151.1206656,-33.8419456
Cabarita Beach,341,153.570563,-28.331793
Cabramatta,342,150.936344,-33.90201500000001
Cabramatta West,343,150.9122817,-33.8970128
Cabramurra,344,148.38092,-35.936802
Caddens,345,150.733093,-33.774673
Calala,346,150.9432959,-31.128509
Calderwood,347,150.7499875,-34.57361229999999
Caldwell,348,144.50513,-35.63329990000001
Callaghan,349,151.706075,-32.8888993
Callala Bay,350,150.717373,-34.9950829
Callala Beach,351,150.700699,-35.003136
Cambewarra,352,150.542358,-34.820858
Cambewarra Village,353,150.557541,-34.822703999999995
Cambridge Gardens,354,150.71736909999996,-33.7400624
Cambridge Park,355,150.7304461,-33.750648600000005
Camden,356,150.695243,-34.074487
Camden Head,357,152.83522,-31.641825
Camden Park,358,150.69516000000004,-34.091579
Camden South,359,150.693158,-34.0787872
Camellia,360,151.0263519,-33.82021629999999
Cameron Park,361,151.6004334,-32.89533790000001
Cammeray,362,151.2107885,-33.8212885
Campbelltown,363,150.81419440000005,-34.058752899999995
Camperdown,364,151.175415,-33.892012
Campsie,365,151.10737269999996,-33.9166969
Campvale,366,151.859406,-32.772182
Cams Wharf,367,151.615158,-33.12632
Canada Bay,368,151.114365,-33.862095000000004
Canadian Lead,369,149.59446,-32.4261499
Candelo,370,149.69541,-36.766868
Cangai,371,152.446564,-29.481138
Canley Heights,372,150.92856709999995,-33.8846062
Canley Vale,373,150.9417857,-33.8870215
Canobolas,374,149.019059,-33.310422
Canoelands,375,151.0575567,-33.5052701
Canowindra,376,148.66581169999995,-33.5621122
Canterbury,377,151.1221246,-33.9098405
Canton Beach,378,151.54322309999995,-33.2705342
Capertee,379,149.9854984,-33.1462596
Captains Flat,380,149.4449496,-35.5920924
Caragabal,381,147.74163,-33.840669899999995
Carcoar,382,149.13701,-33.6128999
Cardiff,383,151.65805559999995,-32.9372222
Cardiff Heights,384,151.666806,-32.9296942
Cardiff South,385,151.665828,-32.9542403
Carey Bay,386,151.6052871,-33.0269997
Cargo,387,148.80904619999995,-33.4240535
Caringbah,388,151.1216043,-34.0524359
Caringbah South,389,151.12768730000005,-34.053247
Carlingford,390,151.04353,-33.7851659
Carlton,391,151.11505459999995,-33.9797287
Carnes Hill,392,150.8485902,-33.9412206
Carool,393,153.4200883,-28.2292451
Caroona,394,150.42417,-31.40036989999999
Carramar,395,150.9614358,-33.8847824
Carrington,396,151.7662741,-32.91377
Carroll,397,150.44603,-30.985624
Carrs Creek,398,152.937119,-29.665203
Carss Park,399,151.11782,-33.9820023
Cartwright,400,150.894699,-33.926643
Cartwrights Hill,401,147.388474,-35.07023600000001
Carwoola,402,149.302837,-35.39154600000001
Casino,403,153.04443469999995,-28.871225
Cassilis,404,149.9814701,-32.0055411
Castle Cove,405,151.201043,-33.784847
Castle Doyle,406,151.7727003,-30.5836528
Castle Hill,407,150.9841826,-33.7283782
Castlecrag,408,151.21226399999995,-33.80251989999999
Castlereagh,409,150.67650519999995,-33.65807589999999
Casuarina,410,153.5707252,-28.2970536
Casula,411,150.9103716,-33.9468598
Catalina,412,150.190506,-35.719997
Catherine Field,413,150.7643965,-34.0007386
Catherine Hill Bay,414,151.62882,-33.1617656
Cathundral,415,147.81031000000004,-31.9009599
Cattai,416,150.91760219999995,-33.5295998
Caves Beach,417,151.63825500000004,-33.09832
Cawdor,418,150.693649,-34.090549
Cawongla,419,153.09818959999996,-28.6007322
Cecil Hills,420,150.8488516,-33.886849600000005
Cecil Park,421,150.83938600000005,-33.874657
Centennial Park,422,151.2291626,-33.90251
Central Mangrove,423,151.252308,-33.302975
Central Tilba,424,150.0751549,-36.3122985
Cessnock,425,151.369406,-32.829134
Chain Valley Bay,426,151.562842,-33.176537
Chakola,427,149.1578571,-36.0582519
Charbon,428,149.965149,-32.880981
Charles Sturt University,429,147.3545494,-35.064423
Charlestown,430,151.69830430000005,-32.9606106
Charlotte Bay,431,152.5135803,-32.3469565
Charmhaven,432,151.498873,-33.237181
Chatswood,433,151.18598219999996,-33.801576700000005
Chatswood West,434,151.167016,-33.795998
Chatsworth,435,153.233688,-29.38159000000001
Cheero Point,436,151.19313,-33.51136
Cheltenham,437,151.0793211,-33.757482399999994
Cherrybrook,438,151.04515690000005,-33.720672
Chester Hill,439,151.0072164,-33.873774299999994
Chifley,440,151.241734,-33.963353999999995
Chilcotts Grass,441,153.3461,-28.83416
Chillingham,442,153.27891499999996,-28.31454500000001
Chinderah,443,153.55677869999997,-28.2445167
Chippendale,444,151.1976249,-33.885752000000004
Chipping Norton,445,150.96269019999997,-33.9225972
Chisholm,446,151.6357879,-32.7631797
Chiswick,447,151.1412649,-33.8477141
Chittaway Bay,448,151.43014530000005,-33.3268222
Chittaway Point,449,151.448853,-33.322845
Chullora,450,151.0480346,-33.8963127
Church Point,451,151.2891785,-33.6511152
Clandulla,452,149.94690219999995,-32.9077033
Claremont Meadows,453,150.74526699999996,-33.771154
Clarence,454,150.20152180000005,-33.4714233
Clarence Town,455,151.7808726,-32.589026399999995
Clarendon,456,150.7808949,-33.6062428
Clarenza,457,152.95740469999996,-29.7038685
Clareville,458,151.312332,-33.638203000000004
Claymore,459,150.808884,-34.043709
Clearfield,460,152.93495,-29.13957989999999
Clemton Park,461,151.101953,-33.923345
Clergate,462,149.11167,-33.1890499
Cliftleigh,463,151.517258,-32.795017
Clifton,464,150.969559,-34.259808
Clifton Grove,465,149.150072,-33.260403000000004
Clontarf,466,151.2528501,-33.8046027
Clothiers Creek,467,153.4935914,-28.329653000000004
Clovass,468,153.162628,-28.873167
Clovelly,469,151.2584536,-33.91198789999999
Clunes,470,153.37979319999997,-28.7367685
Clyde,471,151.0166739,-33.8335508
Coal Point,472,151.61193799999995,-33.044853
Coalcliff,473,150.9773712,-34.2421815
Coasters Retreat,474,151.294266,-33.605892
Cobargo,475,149.88816359999996,-36.3876023
Cobbadah,476,150.578125,-30.23083299999999
Cobbitty,477,150.684924,-34.01558729999999
Coffee Camp,478,153.220337,-28.662743
Coffs Harbour,479,153.11915290000005,-30.2898035
Coila,480,150.1026,-36.022289
Colebee,481,150.8449419,-33.718611200000005
Coledale,482,150.94450669999995,-34.29207150000001
Collaroy,483,151.3033904,-33.74296870000001
Collaroy Plateau,484,151.28682790000005,-33.7274009
Collector,485,149.4276053,-34.9134967
Collombatti,486,152.85865,-30.94649990000001
Colly Blue,487,150.14491,-31.4466899
Colo,488,150.83056530000005,-33.4282257
Colo Vale,489,150.49169890000005,-34.402398
Colyton,490,150.79534650000005,-33.7753807
Comberton,491,150.605427,-34.922765000000005
Comboyne,492,152.46857340000003,-31.6054251
Como,493,151.06194440000004,-34.0041667
Conargo,494,145.18199199999995,-35.30307
Concord,495,151.09428380000003,-33.8664137
Concord West,496,151.0832129,-33.8511369
Condell Park,497,151.0099883,-33.930335799999995
Condong,498,153.434708,-28.312719
Congarinni North,499,152.874954,-30.663387
Coniston,500,150.8874496,-34.4364499
Conjola,501,150.433212,-35.231434
Conjola Park,502,150.443222,-35.263519
Connells Point,503,151.10061399999995,-33.979848600000004
Constitution Hill,504,150.9745728,-33.7919329
Coogee,505,151.2485445,-33.917013700000005
Cooks Hill,506,151.7729804,-32.9303436
Coolac,507,148.1657802,-34.9224593
Coolagolite,508,149.94218600000005,-36.399421
Coolah,509,149.7239945,-31.8232874
Coolamon,510,147.1987322,-34.8134652
Coolongolook,511,152.3219016,-32.2176837
Cooma,512,149.15433159999995,-36.2119064
Coomba Bay,513,152.443832,-32.263821
Coomba Park,514,152.473465,-32.236832
Coonabarabran,515,149.27878859999996,-31.27255640000001
Coonamble,516,148.3892749,-30.9524292
Coopernook,517,152.60072,-31.8074099
Coorabell,518,153.526839,-28.643168
Cooranbong,519,151.46354219999995,-33.0697887
Cootamundra,520,148.0231332,-34.644909600000005
Cooyal,521,149.7884185,-32.4406905
Copacabana,522,151.4308483,-33.4907538
Copmanhurst,523,152.796097,-29.580212
Coraki,524,153.286822,-28.985418
Coramba,525,153.0145858,-30.2218788
Cordeaux Heights,526,150.8377231,-34.44504970000001
Corindi Beach,527,153.2004706,-30.02820239999999
Corlette,528,152.1143045,-32.717574
Corney Town,529,150.1748383,-33.4758591
Corowa,530,146.390362,-35.99658400000001
Corrimal,531,150.903053,-34.36323400000001
Corunna,532,150.1044882,-36.2862631
Cottage Point,533,151.2071013,-33.6162805
Couridjah,534,150.54968430000002,-34.232677
Coutts Crossing,535,152.89143,-29.82818
Cowan,536,151.1708876,-33.5896721
Cowra,537,148.67586880000005,-33.8397306
Crackenback,538,148.4519903,-36.4466551
Cranebrook,539,150.71869019999997,-33.7236652
Crangan Bay,540,151.584015,-33.186108000000004
Craven,541,151.94946299999995,-32.157546999999994
Cremorne,542,151.2297253,-33.8330496
Cremorne Point,543,151.2305876,-33.8474604
Crescent Head,544,152.979018,-31.18692
Crestwood,545,149.20451369999995,-35.34925689999999
Cringila,546,150.871654,-34.4659251
Cromer,547,151.28753390000003,-33.7368154
Cronulla,548,151.1513873,-34.0546209
Crookwell,549,149.470916,-34.457137
Croudace Bay,550,151.644925,-33.0039991
Crowdy Head,551,152.743617,-31.8426245
Crows Nest,552,151.20659009999997,-33.828714500000004
Crowther,553,148.50378999999995,-34.0960599
Croydon,554,151.1144245,-33.8703873
Croydon Park,555,151.091752,-33.895189
Crystal Creek,556,153.3081257,-28.3069311
Cudal,557,148.7378404,-33.2871259
Cudgen,558,153.559906,-28.264229
Cudmirrah,559,150.557648,-35.198254
Culburra Beach,560,150.7578915,-34.9294761
Culcairn,561,147.0372492,-35.6682396
Cullen Bullen,562,150.00845,-33.2997099
Cullerin,563,149.31337,-34.7596599
Cumbalum,564,153.5115304,-28.8304323
Cundletown,565,152.5176447,-31.8980468
Cunjurong Point,566,150.5117169,-35.2650904
Curl Curl,567,151.2924742,-33.7734323
Curlwaa,568,141.97639730000003,-34.110957299999995
Currabubula,569,150.731819,-31.2640813
Curramore,570,150.784637,-34.618557
Currans Hill,571,150.76876289999996,-34.0462388
Currarong,572,150.820328,-35.018536
Currawong Beach,573,151.299591,-33.597023
Daceyville,574,151.22915600000005,-33.92902
Dairymans Plains,575,149.05519099999995,-36.245209
Daleys Point,576,151.355494,-33.499586
Dalgety,577,148.8349912,-36.50249120000001
Dalmeny,578,150.1130351,-36.16993220000001
Dandry,579,149.3177763,-31.044703
Dangar Island,580,151.241021,-33.537004
Dapto,581,150.79611819999997,-34.4911198
Darawank,582,152.4693497,-32.0985304
Darbys Falls,583,148.857193,-33.924332
Dareton,584,142.04363999999995,-34.09486
Dargan,585,150.2673034,-33.4944419
Darkes Forest,586,150.9167862,-34.236038
Darling Point,587,151.231588,-33.8756567
Darlinghurst,588,151.22658,-33.8780895
Darlington,589,151.197026,-33.888561
Daroobalgie,590,148.05345,-33.3297599
Davidson,591,151.2015591,-33.7443401
Davistown,592,151.3604211,-33.485426000000004
Dawes Point,593,151.2049127,-33.8567519
Dean Park,594,150.8605496,-33.7327886
Dee Why,595,151.2959235,-33.7555533
Deep Creek,596,152.703151,-30.99071499999999
Deepwater,597,151.8475069,-29.4365227
Delegate,598,148.9397594,-37.043926
Delungra,599,150.82972,-29.653790500000003
Denham Court,600,150.81187659999995,-33.976151
Deniliquin,601,144.9821604,-35.5243305
Denistone,602,151.0867853,-33.7995547
Denistone East,603,151.09291100000004,-33.791477
Denistone West,604,151.0784,-33.799801
Denman,605,150.68724609999995,-32.3897107
Derriwong,606,147.33529,-33.0967199
Dharruk,607,150.817525,-33.750358
Dhuragoon,608,144.11646330000005,-35.16885329999999
Diamond Beach,609,152.5289887,-32.04326080000001
Dilkoon,610,152.98786,-29.4923999
Dirty Creek,611,153.152496,-29.985624
Dolans Bay,612,151.126373,-34.062088
Dolls Point,613,151.1461076,-33.9948208
Doon Doon,614,153.3028875,-28.4829549
Doonbah,615,153.3791571,-29.0905767
Doonside,616,150.8695937,-33.765507799999995
Dooralong,617,151.353592,-33.180012
Dora Creek,618,151.502614,-33.084796000000004
Dorrigo,619,152.7120947,-30.340723600000004
Dorroughby,620,153.35501100000005,-28.657671
Double Bay,621,151.24472269999995,-33.877945000000004
Douglas Park,622,150.7125473,-34.18041470000001
Dover Heights,623,151.2805034,-33.8726916
Doyalson,624,151.5228716,-33.2029545
Doyalson North,625,151.54851599999995,-33.187047
Drake Village,626,152.37468,-28.927294
Drummoyne,627,151.156835,-33.853084
Dubbo,628,148.61180080000003,-32.234598
Duckenfield,629,151.6844278,-32.74110570000001
Dudley,630,151.7177362,-32.988982799999995
Duffys Forest,631,151.189941,-33.672173
Dulwich Hill,632,151.1393297,-33.9031338
Dunbogan,633,152.8094472,-31.648330600000005
Dundas,634,151.0543765,-33.79892529999999
Dundas Valley,635,151.0557772,-33.7943526
Dunedoo,636,149.3966667,-32.016388899999995
Dungog,637,151.757768,-32.399117
Dunkeld,638,149.48370400000005,-33.40527
Dunmore,639,150.8449168,-34.5912885
Duns Creek,640,151.62471000000005,-32.632751
Dural,641,151.020727,-33.693193
Duranbah,642,153.5222901,-28.2835275
Duri,643,150.818893,-31.219082
Durras North,644,150.3024805,-35.6361015
Durren Durren,645,151.382233,-33.18058
Dyers Crossing,646,152.30029299999995,-32.093136
Eagle Vale,647,150.821055,-34.033247
Earlwood,648,151.128552,-33.9272394
East Albury,649,146.94807849999995,-36.0749138
East Ballina,650,153.5829617,-28.850037300000004
East Branxton,651,151.35990900000004,-32.656338
East Corrimal,652,150.9131273,-34.3769631
East Gosford,653,151.3573997,-33.4340456
East Gresford,654,151.550548,-32.428074
East Hills,655,150.988046,-33.95946
East Jindabyne,656,148.64905,-36.3959722
East Kangaloon,657,150.57879599999995,-34.558182
East Kempsey,658,152.846271,-31.0816188
East Killara,659,151.1759609,-33.7535071
East Kurrajong,660,150.76355,-33.514309000000004
East Lindfield,661,151.187732,-33.76741
East Lismore,662,153.284279,-28.817945
East Lynne,663,150.258652,-35.575676
East Maitland,664,151.5861706,-32.744091600000004
East Ryde,665,151.1318709,-33.810030299999994
East Tamworth,666,150.9425478,-31.08083379999999
East Wagga Wagga,667,147.392589,-35.123769
Eastern Creek,668,150.8769803,-33.802639500000005
Eastgardens,669,151.22333989999996,-33.9442437
Eastlakes,670,151.2058274,-33.930914200000004
Eastwood,671,151.08947759999995,-33.7917686
Eatonsville,672,152.83111599999995,-29.641365000000004
Ebenezer,673,150.8765169,-33.5083614
Ebor,674,152.349875,-30.4019456
Eden,675,149.8983275,-37.0404693
Edensor Park,676,150.88290519999995,-33.8834853
Edgecliff,677,151.2379363,-33.8788698
Edgeroi,678,149.8633386,-30.0599723
Edgeworth,679,151.6248439,-32.9248958
Edith,680,149.9303884,-33.7630196
Edmondson Park,681,150.8587434,-33.9725479
Eglinton,682,149.5398271,-33.3782048
Elands,683,152.29095700000005,-31.61162139999999
Elanora Heights,684,151.2796377,-33.695668299999994
Elderslie,685,150.708213,-34.055934
Eleebana,686,151.6492303,-32.9867039
Elermore Vale,687,151.658068,-32.917919
Elizabeth Bay,688,151.22867069999995,-33.871019
Elizabeth Beach,689,152.53509499999996,-32.33115
Elizabeth Hills,690,150.845718,-33.896866
Ellalong,691,151.31066090000004,-32.9143353
Ellis Lane,692,150.671066,-34.044743
Elong Elong,693,149.03884,-32.1096199
Elrington,694,151.41726699999995,-32.87088
Elsmore,695,151.274643,-29.778784
Emerald Beach,696,153.18726619999995,-30.169948
Emerald Hill,697,150.1062,-30.88480989999999
Emerton,698,150.810201,-33.743177
Emmaville,699,151.598846,-29.444403
Empire Bay,700,151.36349909999996,-33.4937848
Emu Heights,701,150.650904,-33.7441
Emu Plains,702,150.6547698,-33.7433919
Enfield,703,151.09779440000003,-33.887271000000005
Engadine,704,151.0279302,-34.0590611
Englorie Park,705,150.794174,-34.080875
Enmore,706,151.17416269999995,-33.9077718
Epping,707,151.079736,-33.774806
Eraring,708,151.52166699999995,-33.072014
Erigolia,709,146.35689,-33.8571599
Erina,710,151.38791899999995,-33.434013
Erina Heights,711,151.4126921,-33.4268817
Ermington,712,151.0598801,-33.813977200000004
Erowal Bay,713,150.669876,-35.092995
Erskine Park,714,150.7939161,-33.814104
Erskineville,715,151.18199330000004,-33.8988458
Eschol Park,716,150.810303,-34.032188
Estella,717,147.3591,-35.069344
Ettalong Beach,718,151.3419369,-33.515838
Euabalong,719,146.473175,-33.10907
Euabalong West,720,146.394196,-33.05571
Euchareena,721,149.0965755,-32.9420735
Eugowra,722,148.3713783,-33.4277353
Eumungerie,723,148.61982700000004,-31.94927
Eunanoreenya,724,147.48549939999995,-35.0497539
Eungai Creek,725,152.880088,-30.832158000000003
Eungai Rail,726,152.90014509999997,-30.8495897
Eungella,727,153.3039857,-28.3556571
Eureka,728,153.438553,-28.682323
Eurunderee,729,149.5838165,-32.5359611
Evans Head,730,153.4234172,-29.1048891
Eveleigh,731,151.19625630000004,-33.896203
Ewingsdale,732,153.55381,-28.6359782
Exeter,733,150.31689450000005,-34.6129608
Fairfield,734,150.9591588,-33.8679575
Fairfield East,735,150.971574,-33.872996
Fairfield Heights,736,150.9376906,-33.86646959999999
Fairfield West,737,150.9241931,-33.873669
Fairlight,738,151.277687,-33.795784999999995
Fairy Hill,739,153.00903,-28.7702299
Fairy Meadow,740,150.8984882,-34.3873744
Falls Creek,741,150.586724,-34.995502
Farley,742,151.5175842,-32.7288534
Farmborough Heights,743,150.8298818,-34.462945899999994
Fassifern,744,151.581183,-32.985397
Faulconbridge,745,150.5480222,-33.694413899999994
Federal,746,153.4558024,-28.65220080000001
Fennell Bay,747,151.600616,-32.992241
Fern Bay,748,151.7933919,-32.8620485
Fernbank Creek,749,152.866333,-31.4189377
Fernhill,750,150.8905026,-34.386829299999995
Ferodale,751,151.835419,-32.750088
Figtree,752,150.85715180000003,-34.4390786
Fingal Bay,753,152.16938380000005,-32.7490255
Fingal Head,754,153.5645141,-28.201831800000004
Finley,755,145.57840969999995,-35.64214970000001
Fishermans Paradise,756,150.44833400000005,-35.22758900000001
Fishing Point,757,151.598343,-33.056694
Fitzroy Falls,758,150.4858563,-34.6482251
Five Dock,759,151.1161966,-33.8693963
Fletcher,760,151.6465941,-32.8769108
Flinders,761,150.841797,-34.575996
Floraville,762,151.66938159999995,-33.0094029
Forbes,763,148.01066200000002,-33.38726
Forbesdale,764,151.95248999999995,-32.061589899999994
Forest Glen,765,151.00640980000003,-33.5532325
Forest Lodge,766,151.1826607,-33.8825678
Forestville,767,151.2190997,-33.760025299999995
Forresters Beach,768,151.4665532,-33.4059059
Forster,769,152.5117394,-32.1805656
Fountaindale,770,151.403151,-33.332951
Foxground,771,150.77213989999996,-34.6958699
Frederickton,772,152.879227,-31.034679
Freemans Reach,773,150.796367,-33.557525
Freemans Waterhole,774,151.486754,-32.985306
French Park,775,146.92469,-35.2662299
Frenchs Forest,776,151.23611609999998,-33.754579
Freshwater,777,151.2869189,-33.7773132
Frogs Hollow,778,149.81419730000005,-36.7638278
Fullerton Cove,779,151.826965,-32.84753
Galong,780,148.557678,-34.6012
Galston,781,151.0465944,-33.6527302
Ganmain,782,147.03876100000005,-34.792418700000006
Garden Suburb,783,151.68336499999995,-32.94706
Gateshead,784,151.6956932,-32.9873599
Geehi,785,148.37288610000004,-36.3822194
Gemalla,786,149.836,-33.5254799
Georges Hall,787,150.9822016,-33.912789399999994
Georges Plains,788,149.523636,-33.51483899999999
Georgetown,789,151.7324935,-32.9116398
Gerogery,790,146.9953334,-35.836648
Gerringong,791,150.819513,-34.743866
Gerroa,792,150.811727,-34.769918
Geurie,793,148.8304701,-32.3978842
Gibraltar Range,794,152.31263700000005,-29.513935
Gidginbung,795,147.47259,-34.3251499
Gilead,796,150.790817,-34.138626
Gilgai,797,151.117401,-29.853779
Gilgandra,798,148.657622,-31.718267
Gillieston Heights,799,151.5346572,-32.7637099
Girards Hill,800,153.283222,-28.8173038
Girilambone,801,146.904572,-31.250166
Girral,802,147.07151000000005,-33.7061899
Girraween,803,150.9387377,-33.7971706
Gladesville,804,151.124322,-33.819073
Gladstone,805,152.94625449999995,-31.0259341
Glebe,806,151.1876435,-33.87693220000001
Gledswood Hills,807,150.7651981,-34.0213546
Glen Alpine,808,150.7874306,-34.086209499999995
Glen Innes,809,151.730661,-29.7464554
Glen Oak,810,151.6948989,-32.6230945
Glenbrook,811,150.621542,-33.7674064
Glencoe,812,151.72358,-29.926286
Glendale,813,151.6410675,-32.9319916
Glendenning,814,150.8520025,-33.7524534
Glenfield,815,150.893723,-33.972341
Glenfield Park,816,147.3319122,-35.1377039
Glenhaven,817,151.00139309999997,-33.6980092
Glenmore Park,818,150.6861625,-33.7939735
Glennies Creek,819,151.12688,-32.4705199
Glenning Valley,820,151.428452,-33.333118
Glenorie,821,151.0075554,-33.5915644
Glenquarry,822,150.4749407,-34.56285379999999
Glenreagh,823,152.9868119,-30.049666700000003
Glenridding,824,151.1641855,-32.5726094
Glenthorne,825,152.483975,-31.945502
Glenwood,826,150.92803480000003,-33.7333424
Glossodia,827,150.7946123,-33.5457372
Gloucester,828,151.95783459999996,-32.008438
Gobbagombalin,829,147.34393300000005,-35.076115
Gol Gol,830,142.2245593,-34.1803459
Gongolgon,831,146.896027,-30.349497
Goobarragandra,832,148.3864345,-35.3436158
Googong,833,149.23696850000005,-35.4197439
Goolgowi,834,145.714383,-33.9775901
Goolmangar,835,153.22593700000004,-28.747007
Goonellabah,836,153.34622119999997,-28.8222216
Goonengerry,837,153.4392657,-28.6105004
Gordon,838,151.1481956,-33.7519195
Gormans Hill,839,149.58981709999995,-33.424861
Gorokan,840,151.4994031,-33.2544257
Gosford,841,151.3449988,-33.4109044
Gostwyck,842,151.5876861,-30.6955377
Goulburn,843,149.7366111,-34.7452684
Grabben Gullen,844,149.393524,-34.540539
Grafton,845,152.9378253,-29.690543
Grahamstown,846,148.03590400000004,-35.264919
Granville,847,151.0115074,-33.830037899999994
Grasmere,848,150.669418,-34.053539
Grassy Head,849,152.9884858,-30.78678630000001
Grays Point,850,151.081267,-34.058713
Great Mackerel Beach,851,151.301346,-33.590446
Green Pigeon,852,153.0694689,-28.5020549
Green Point,853,151.3717434,-33.4511201
Green Valley,854,150.8670247,-33.910991700000004
Greenacre,855,151.038263,-33.901822
Greenethorpe,856,148.4022165,-33.9962395
Greenfield Park,857,150.89053,-33.8716098
Greengrove,858,151.149628,-33.380424
Greenhill,859,152.801865,-31.059139
Greenwell Point,860,150.7319015,-34.9074735
Greenwich,861,151.1862059,-33.83144650000001
Gregory Hills,862,150.76161169999997,-34.0207556
Greigs Flat,863,149.863815,-36.944904
Grenfell,864,148.158187,-33.89496
Gresford,865,151.5533029,-32.4307693
Greta,866,151.3890196,-32.6767096
Greta Main,867,151.273193,-32.887299
Greystanes,868,150.9379245,-33.82791270000001
Griffith,869,146.053241,-34.288489
Grong Grong,870,146.783503,-34.738444
Grose Vale,871,150.660673,-33.5822601
Grose Wold,872,150.689175,-33.601524
Guildford,873,151.0076718,-33.863403600000005
Guildford West,874,150.962571,-33.846515999999994
Gulargambone,875,148.44236999999995,-31.3238799
Gulgong,876,149.53227809999996,-32.3622648
Gumly Gumly,877,147.4300994,-35.127902899999995
Gundagai,878,148.10311299999995,-35.059382
Gundaroo,879,149.2647245,-35.0283065
Gunderman,880,151.0597617,-33.43646
Gunnedah,881,150.2451358,-30.9759352
Gunning,882,149.2676138,-34.781444
Gunningbland,883,147.91758000000004,-33.1346399
Gurley,884,149.80038000000005,-29.7390299
Guyra,885,151.6712997,-30.232551500000003
Gwabegar,886,148.97333999999995,-30.6086905
Gwandalan,887,151.58132,-33.136358
Gwynneville,888,150.8840384,-34.4161467
Gymea,889,151.0854709,-34.0345242
Gymea Bay,890,151.0932007,-34.04828639999999
Haberfield,891,151.128998,-33.875195
Halekulani,892,151.5477739,-33.2263598
Halfway Creek,893,153.0953464,-29.9350977
Hallidays Point,894,152.5382217,-32.068999100000006
Halloran,895,151.444763,-33.241673
Hamilton,896,151.7454629,-32.9182054
Hamilton East,897,151.7527747,-32.924191
Hamilton North,898,151.7381221,-32.9113692
Hamilton South,899,151.7534364,-32.9319818
Hamilton Valley,900,146.918923,-36.03559
Hamlyn Terrace,901,151.4798489,-33.2626586
Hammondville,902,150.95353,-33.9483748
Hampton,903,150.0578676,-33.6391657
Hannam Vale,904,152.5945937,-31.7123882
Hanwood,905,146.04118300000005,-34.330822
Harden,906,148.36926730000005,-34.543902100000004
Hardys Bay,907,151.356552,-33.525967
Harefield,908,147.51965819999995,-34.9606315
Harpers Hill,909,151.410751,-32.699043
Harrington,910,152.656394,-31.8773715
Harrington Park,911,150.7338959,-34.028358000000004
Harris Park,912,151.0152821,-33.8211083
Hartley,913,150.17532319999995,-33.5456017
Hartley Vale,914,150.2236012,-33.5372465
Harwood,915,153.239349,-29.426563
Hassall Grove,916,150.8374542,-33.73550039999999
Hastings Point,917,153.5721655,-28.3685502
Havilah,918,149.7586,-32.6292699
Hawkesbury Heights,919,150.647369,-33.666702
Hawks Nest,920,152.1771777,-32.6726369
Haymarket,921,151.20519,-33.8818516
Haywards Bay,922,150.7859267,-34.5415762
Hazelbrook,923,150.45313269999997,-33.72155720000001
Heathcote,924,151.0070655,-34.0877903
Heatherbrae,925,151.73318700000004,-32.785891
Hebersham,926,150.8252084,-33.7363007
Heckenberg,927,150.89225580000004,-33.907356400000005
Heddon Greta,928,151.512816,-32.803173
Helensburgh,929,150.97574330000003,-34.1953578
Henley,930,151.136902,-33.840267
Henty,931,147.03311340000005,-35.51646829999999
Hermidale,932,146.725967,-31.546806
Hermitage Flat,933,150.14793400000005,-33.479851000000004
Herons Creek,934,152.72698,-31.5909199
Hexham,935,151.68594819999996,-32.8286567
Hill End,936,149.4185392,-33.0265355
Hill Top,937,150.4945728,-34.3461585
Hilldale,938,151.6498958,-32.5043451
Hillsborough,939,151.673508,-32.958176
Hillsdale,940,151.223793,-33.951553999999994
Hillvue,941,150.9248023,-31.1277783
Hinchinbrook,942,150.85552959999995,-33.9257656
Hobartville,943,150.7446317,-33.605650700000005
Hogarth Range,944,152.8209294,-28.88043609999999
Holbrook,945,147.3151328,-35.7216245
Holgate,946,151.4064401,-33.4030296
Holmesville,947,151.58194450000005,-32.9155871
Holroyd,948,150.9980556,-33.8299516
Holsworthy,949,150.95093830000005,-33.95678170000001
Homebush,950,151.086466,-33.867526
Homebush West,951,151.062443,-33.858933
Horningsea Park,952,150.8432521,-33.93573189999999
Hornsby,953,151.117041,-33.694387
Hornsby Heights,954,151.0984281,-33.6763868
Horsfield Bay,955,151.300079,-33.493374
Horsley,956,150.778244,-34.490614
Horsley Park,957,150.8467408,-33.8415343
Howlong,958,146.62814699999996,-35.979492
Hoxton Park,959,150.8956343,-33.927104
Hunters Hill,960,151.14433300000005,-33.8339701
Hunterview,961,151.17498799999996,-32.537689
Huntingwood,962,150.887339,-33.796442
Huntley,963,149.13394,-33.3677999
Huntleys Cove,964,151.1364844,-33.839089200000004
Huntleys Point,965,151.1418,-33.83905
Hurlstone Park,966,151.1264208,-33.906876399999994
Hurstville,967,151.11137549999995,-33.9669351
Hurstville Grove,968,151.094452,-33.972491999999995
Huskisson,969,150.662691,-35.030013000000004
Hyams Beach,970,150.6923765,-35.1021113
Ilarwill,971,153.182587,-29.469379
Illawong,972,151.0425137,-33.9973258
Iluka,973,153.34635980000004,-29.4039381
Ingleburn,974,150.865624,-33.993706
Ingleside,975,151.26534980000002,-33.684576
Inverell,976,151.119429,-29.77109
Islington,977,151.74429880000002,-32.9142399
Jackadgery,978,152.5504,-29.576826
Jacky Bulbin Flat,979,153.2304818,-29.26227669999999
Jamberoo,980,150.780696,-34.649268799999994
Jamisontown,981,150.6819586,-33.7659828
Jannali,982,151.06374,-34.01620200000001
Jeir,983,149.035461,-35.098557
Jellat Jellat,984,149.893173,-36.717518
Jenolan,985,150.0212246,-33.8205321
Jerilderie,986,145.7262807,-35.3561612
Jerrabomberra,987,149.20936919999997,-35.3874586
Jerrara,988,150.817184,-34.656341999999995
Jerrawa,989,149.08598999999995,-34.7844299
Jerrys Plains,990,150.90976630000003,-32.496841499999995
Jesmond,991,151.6916411,-32.8976712
Jewells,992,151.68459919999995,-33.012963
Jilliby,993,151.4026898,-33.2550951
Jindabyne,994,148.6043427,-36.43750259999999
Jindera,995,146.89891709999995,-35.972846200000006
Jingellic,996,147.6986063,-35.92597960000001
Johns River,997,152.69611709999995,-31.73053
Jolly Nose,998,152.77999269999995,-31.6039156
Jordan Springs,999,150.7319468,-33.7295928
Jugiong,1000,148.3253113,-34.82318050000001
Junction Hill,1001,152.9272,-29.633015000000004
Junee,1002,147.58508469999995,-34.8713013
Kahibah,1003,151.712077,-32.962516
Kalaru,1004,149.9315874,-36.7326126
Kamarah,1005,146.7849832,-34.3246942
Kanahooka,1006,150.81942809999995,-34.4917559
Kandos,1007,149.972149,-32.858455
Kangaloon,1008,150.529831,-34.552418
Kangaroo Valley,1009,150.5334499,-34.7364391
Kangy Angy,1010,151.39623999999995,-33.321686
Kanwal,1011,151.48420900000005,-33.2615687
Kapooka,1012,147.2807476,-35.1579303
Karaak Flat,1013,152.2859529,-31.9261169
Karabar,1014,149.2321869,-35.37140460000001
Kareela,1015,151.08064919999995,-34.0181521
Kariong,1016,151.2959321,-33.4344785
Karuah,1017,151.964651,-32.6541744
Katoomba,1018,150.32358069999995,-33.7130919
Kearns,1019,150.806814,-34.026381
Kearsley,1020,151.3923478,-32.8587268
Keepit,1021,150.5013291,-30.8928369
Keerrong,1022,153.264709,-28.712135
Keiraville,1023,150.8751621,-34.4146723
Kellyville,1024,150.9600772,-33.7144109
Kellyville Ridge,1025,150.9276003,-33.700325799999995
Kelso,1026,149.6163289,-33.4202978
Kembla Grange,1027,150.8105773,-34.475730799999994
Kembla Heights,1028,150.80687,-34.43029
Kemps Creek,1029,150.78493999999995,-33.9143998
Kempsey,1030,152.8346014,-31.0799545
Kendall,1031,152.7119481,-31.6292618
Kensington,1032,151.2248054,-33.9135636
Kenthurst,1033,151.0112228,-33.6821665
Kentlyn,1034,150.85865800000005,-34.072754
Kentucky,1035,151.45051999999995,-30.7606899
Kentucky South,1036,151.4401035,-30.7941379
Kerrabee,1037,150.3260749,-32.4182939
Kerrs Creek,1038,149.09588,-33.0480499
Khancoban,1039,148.1292079,-36.2158632
Kiama,1040,150.8491015,-34.677875
Kiama Downs,1041,150.8533628,-34.6367464
Kiama Heights,1042,150.836273,-34.702076
Kianga,1043,150.1305084,-36.19732279999999
Kiar,1044,151.437103,-33.197292
Kilaben Bay,1045,151.593231,-33.025383000000005
Kilgra,1046,152.97460900000004,-28.55535900000001
Killara,1047,151.1600228,-33.7696466
Killarney Heights,1048,151.2172969,-33.7755483
Killarney Vale,1049,151.4626385,-33.3661933
Killawarra,1050,152.31197,-31.8918099
Killcare,1051,151.361458,-33.52346
Killcare Heights,1052,151.36733999999996,-33.524548
Killimicat,1053,148.20606,-35.190695
Killingworth,1054,151.5596582,-32.935282
Kinchela,1055,152.990829,-30.98982999999999
Kincumber,1056,151.391182,-33.4741381
Kincumber South,1057,151.39107030000002,-33.4741303
King Creek,1058,152.7657938,-31.4640369
Kingfisher Shores,1059,151.555557,-33.168125
Kings Langley,1060,150.9435594,-33.756068400000004
Kings Park,1061,150.9148879,-33.747985799999995
Kings Plains,1062,149.305469,-33.5033783
Kings Point,1063,150.4624704,-35.36995349999999
Kingscliff,1064,153.5567451,-28.2448739
Kingsford,1065,151.215618,-33.924481400000005
Kingsgrove,1066,151.1005236,-33.939640600000004
Kingsvale,1067,148.2982805,-34.4581483
Kingswood,1068,150.718965,-33.7551809
Kioloa,1069,150.37793269999997,-35.55616550000001
Kirkham,1070,150.705856,-34.031769
Kirrawee,1071,151.0737865,-34.0294956
Kirribilli,1072,151.21251819999995,-33.8461658
Kiwarrak,1073,152.464957,-31.9643526
Klori,1074,150.784561,-30.832355
Knockrow,1075,153.534454,-28.749881
Kogarah,1076,151.1376955,-33.9782528
Kogarah Bay,1077,151.1253598,-33.9826323
Koolewong,1078,151.318963,-33.466305600000005
Koolkhan,1079,152.9334106,-29.6143589
Koonawarra,1080,150.8086492,-34.502104100000004
Koonorigan,1081,153.232422,-28.710106
Kooragang,1082,151.771851,-32.883682
Koorawatha,1083,148.554428,-34.038857
Kooringal,1084,147.3780425,-35.124460799999994
Kootingal,1085,151.0543388,-31.0577558
Koraleigh,1086,143.4054763,-35.156053799999995
Korora,1087,153.1304782,-30.2582779
Kotara,1088,151.7051243,-32.9399022
Kotara South,1089,151.685577,-32.948757
Krambach,1090,152.2598428,-32.0513055
Kulnura,1091,151.2146039,-33.2202086
Kundabung,1092,152.83543,-31.2092499
Kungala,1093,153.00811000000004,-29.9478099
Kunghur,1094,153.25351,-28.470404
Kurmond,1095,150.6828365,-33.550950300000004
Kurnell,1096,151.2020488,-34.0131018
Kurraba Point,1097,151.2228134,-33.8434161
Kurrajong,1098,150.66674650000004,-33.5539285
Kurrajong Heights,1099,150.62690700000005,-33.51823
Kurrajong Hills,1100,150.658371,-33.547207
Kurri Kurri,1101,151.4784749,-32.81133210000001
Kyalite,1102,143.48327680000003,-34.9500354
Kyeemagh,1103,151.1603817,-33.9513918
Kyle Bay,1104,151.10048659999995,-33.9877157
Kyogle,1105,153.004072,-28.62137700000001
La Perouse,1106,151.232624,-33.9880275
Laffing Waters,1107,149.623731,-33.3749479
Laggan,1108,149.5282013,-34.40247069999999
Laguna,1109,151.1306774,-32.9903414
Lake Albert,1110,147.3829587,-35.167395899999995
Lake Bathurst,1111,149.6471148,-35.0150839
Lake Cargelligo,1112,146.3757433,-33.297900899999995
Lake Cathie,1113,152.85432849999995,-31.553092
Lake Conjola,1114,150.490034,-35.270261700000006
Lake Cowal,1115,147.35824,-33.6886099
Lake George,1116,149.3475936,-35.1268997
Lake Haven,1117,151.5038838,-33.2406454
Lake Heights,1118,150.86460669999997,-34.482955
Lake Illawarra,1119,150.86568400000004,-34.541151
Lake Munmorah,1120,151.55900269999995,-33.188588800000005
Lake Tabourie,1121,150.3975827,-35.44239570000001
Lakemba,1122,151.075055,-33.911909
Lakesland,1123,150.532623,-34.14983
Lakewood,1124,152.7551619,-31.63516649999999
Lalor Park,1125,150.9307613,-33.7628646
Lambton,1126,151.72058710000005,-32.9147733
Lane Cove,1127,151.1496765,-33.8114774
Lane Cove North,1128,151.1504409,-33.8039759
Lane Cove West,1129,151.1462496,-33.8130862
Langley Vale,1130,152.57106000000005,-31.7952399
Lanitza,1131,152.971074,-29.845527
Lansdowne,1132,150.977463,-33.89164400000001
Lansvale,1133,150.9508505,-33.8979185
Lapstone,1134,150.6427495,-33.7736407
Largs,1135,151.6023983,-32.7018449
Laughtondale,1136,151.04882030000005,-33.4434611
Laurel Hill,1137,148.093719,-35.60415300000001
Laurieton,1138,152.797193,-31.6426107
Lavender Bay,1139,151.210499,-33.843147200000004
Lavington,1140,146.938277,-36.047554
Lawson,1141,150.4259436,-33.721926399999994
Leconfield,1142,151.392075,-32.651482
Leeton,1143,146.4016736,-34.551281200000005
Leichhardt,1144,151.1508241,-33.883928000000004
Lemon Tree,1145,151.368073,-33.149066999999995
Lemon Tree Passage,1146,152.03038600000005,-32.7322773
Len Waters Estate,1147,150.8546531,-33.9186031
Lennox Head,1148,153.593831,-28.795503000000004
Leonay,1149,150.6465325,-33.7707845
Leppington,1150,150.78475769999997,-33.976524100000006
Lethbridge Park,1151,150.7999114,-33.7332079
Leumeah,1152,150.8305693,-34.0464105
Leura,1153,150.328793,-33.710390000000004
Lewisham,1154,151.1457366,-33.8900029
Lidcombe,1155,151.05320659999995,-33.8512464
Lidsdale,1156,150.071777,-33.370857
Lilli Pilli,1157,151.120191,-34.0638003
Lillian Rock,1158,153.152085,-28.528781
Lilyfield,1159,151.1610681,-33.8712686
Limbri,1160,151.15427,-31.0367599
Limeburners Creek,1161,152.9639011,-31.2716199
Limekilns,1162,149.730495,-33.273247999999995
Linden,1163,150.50503500000005,-33.714893
Lindendale,1164,153.36605,-28.811892
Lindfield,1165,151.149383,-33.777208
Linley Point,1166,151.14648400000004,-33.827705
Lisarow,1167,151.3733966,-33.38509310000001
Lismore,1168,153.286197,-28.807534000000004
Lismore Heights,1169,153.30558330000005,-28.810815500000004
Liston,1170,152.0965929,-28.61870560000001
Lithgow,1171,150.16569099999995,-33.474789
Little Bay,1172,151.2448365,-33.97969929999999
Little Hartley,1173,150.20665,-33.5685435
Little Pelican,1174,151.64541599999995,-33.0826
Little Plain,1175,150.937088,-29.72647499999999
Liverpool,1176,150.90959919999997,-33.9275028
Llanarth,1177,149.544769,-33.392391
Llandilo,1178,150.732025,-33.713142
Llangothlin,1179,151.68454,-30.129072
Lloyd,1180,147.33647219999997,-35.1497572
Lochinvar,1181,151.4505136,-32.7002165
Lockhart,1182,146.718479,-35.2217033
Loftus,1183,151.05085780000005,-34.045352
Loftville,1184,153.263474,-28.836634000000004
Londonderry,1185,150.7306976,-33.6549949
Long Flat,1186,152.4931216,-31.4360873
Long Jetty,1187,151.4796189,-33.3635461
Long Point,1188,150.898483,-34.016495
Longueville,1189,151.1724036,-33.82410529999999
Lord Howe Island,1190,159.06999140000005,-31.5241782
Lorn,1191,151.555896,-32.72886
Louth Park,1192,151.5510994,-32.7754963
Lovedale,1193,151.39439119999997,-32.7529786
Lower Mangrove,1194,151.15004,-33.415562
Lower Portland,1195,150.8890756,-33.437998699999994
Lucas Heights,1196,150.988989,-34.047739
Luddenham,1197,150.68928259999996,-33.87550039999999
Lue,1198,149.845749,-32.656391
Lugarno,1199,151.04675500000005,-33.977976700000006
Lurnea,1200,150.8965677,-33.9315989
Macksville,1201,152.9182781,-30.7078766
Maclean,1202,153.1978382,-29.453952500000003
Macmasters Beach,1203,151.414507,-33.498505
Macquarie Fields,1204,150.8933516,-33.985594299999995
Macquarie Hills,1205,151.6539195,-32.9504606
Macquarie Links,1206,150.866379,-33.985386
Macquarie Marshes,1207,147.6906886,-30.462601
Macquarie Park,1208,151.128759,-33.784333000000004
Maddens Plains,1209,150.92481940000005,-34.296691700000004
Magenta,1210,151.521927,-33.310066
Maianbar,1211,151.130203,-34.078938
Maimuru,1212,148.24372659999997,-34.2517868
Main Arm,1213,153.4318756,-28.503334
Maison Dieu,1214,151.1429215,-32.549775399999994
Maitland,1215,151.5629939,-32.7401538
Maitland Vale,1216,151.5320516,-32.6726418
Malabar,1217,151.2510705,-33.9662869
Mallabula,1218,152.015778,-32.725574
Mallanganee,1219,152.718207,-28.9061835
Maloneys Beach,1220,150.244766,-35.708927
Malua Bay,1221,150.2018178,-35.794817
Mandurama,1222,149.07644,-33.6507899
Mangerton,1223,150.8705448,-34.4337218
Mangoola,1224,150.7222519,-32.3377281
Mangrove Mountain,1225,151.1911014,-33.3001337
Manildra,1226,148.69340590000004,-33.1857992
Manilla,1227,150.7198292,-30.7461416
Manly,1228,151.2846183,-33.78939769999999
Manly Vale,1229,151.27427749999995,-33.7817226
Mannering Park,1230,151.5371915,-33.15231780000001
Manning Point,1231,152.665604,-31.893673
Manyana,1232,150.52388,-35.258083
Maraylya,1233,150.9288949,-33.6108424
Marayong,1234,150.8903566,-33.7512969
Marchmont,1235,148.9456581,-34.8687451
Mardi,1236,151.41192009999997,-33.286967600000004
Marks Point,1237,151.64656499999995,-33.0554586
Marmong Point,1238,151.6121478,-32.985687899999995
Maroota,1239,151.00042549999995,-33.4527605
Maroubra,1240,151.245851,-33.94277599999999
Marrangaroo,1241,150.0835046,-33.3888577
Marrar,1242,147.350431,-34.823259
Marrickville,1243,151.166828,-33.90544000000001
Marsden Park,1244,150.8406522,-33.7162454
Marsfield,1245,151.09443259999995,-33.7836955
Martins Creek,1246,151.6185118,-32.5586721
Martinsville,1247,151.431387,-33.07701900000001
Marulan,1248,150.0085929,-34.7084057
Maryland,1249,151.65951,-32.879711
Maryvale,1250,148.90848,-32.47517990000001
Maryville,1251,151.752197,-32.913967
Mascot,1252,151.180552,-33.921122
Matcham,1253,151.40924099999995,-33.415478
Mathoura,1254,144.89800280000003,-35.8101751
Matong,1255,146.918839,-34.767769
Matraville,1256,151.2227636,-33.9595013
Mayfield,1257,151.744532,-32.90364
Mayfield East,1258,151.751993,-32.899945
Mayfield North,1259,151.7343433,-32.886786
Mayfield West,1260,151.725277,-32.88021
Mays Hill,1261,150.990051,-33.819168
Mcgraths Hill,1262,150.8336928,-33.6160594
Meadow Flat,1263,149.920715,-33.434719
Meadowbank,1264,151.092834,-33.817644
Medlow Bath,1265,150.2798156,-33.67361350000001
Medowie,1266,151.8563255,-32.7431253
Medway,1267,150.30514499999995,-34.496815000000005
Megalong Valley,1268,150.2530602,-33.6958359
Melinga,1269,152.51901,-31.81092989999999
Melrose Park,1270,151.06824840000004,-33.8142303
Menai,1271,151.01050869999997,-34.015728700000004
Menangle,1272,150.7441446,-34.125553700000005
Menangle Park,1273,150.7448675,-34.1037136
Mendooran,1274,149.1218034,-31.8232909
Merewether,1275,151.756702,-32.941342
Merewether Heights,1276,151.730345,-32.948018
Merimbula,1277,149.9089313,-36.8876667
Merriwa,1278,150.3530039,-32.1392903
Merriwagga,1279,145.62271,-33.8183199
Merrygoen,1280,149.23064,-31.8272799
Merrylands,1281,150.9909748,-33.845958
Merrylands West,1282,150.9697974,-33.8325657
Merungle Hill,1283,146.47028,-34.6454799
Metford,1284,151.598971,-32.759879
Michelago,1285,149.15829499999995,-35.702652
Middle Cove,1286,151.2083142,-33.794230799999994
Middle Dural,1287,151.0228956,-33.6322556
Middleton Grange,1288,150.8485578,-33.9152062
Milbrodale,1289,150.978676,-32.681209
Miller,1290,150.88385390000005,-33.9196778
Millers Forest,1291,151.67666599999995,-32.758511
Millers Point,1292,151.204045,-33.8614929
Millfield,1293,151.263504,-32.890884
Millingandi,1294,149.87153999999995,-36.893716
Millthorpe,1295,149.1842275,-33.4460939
Milperra,1296,150.9894731,-33.9351407
Milsons Point,1297,151.2115204,-33.84861470000001
Milton,1298,150.4382092,-35.3213508
Minchinbury,1299,150.820378,-33.781988
Mindaribba,1300,151.58450019999995,-32.6683303
Minmi,1301,151.616699,-32.879208
Minnamurra,1302,150.85438259999995,-34.6272338
Minnie Water,1303,153.29494,-29.768982
Minore,1304,148.45922,-32.2588399
Minto,1305,150.83056499999995,-34.04218
Minto Heights,1306,150.85913100000005,-34.045246
Miranda,1307,151.1045668,-34.022805600000005
Mirannie,1308,151.3677052,-32.4167624
Mirrabooka,1309,151.5529261,-33.107797600000005
Mittagong,1310,150.4348272,-34.447659
Moama,1311,144.766023,-36.10351470000001
Modanville,1312,153.301422,-28.707184
Mogareeka,1313,149.976318,-36.700012
Mogo,1314,150.1426651,-35.7821449
Mollymook,1315,150.472977,-35.34008400000001
Mollymook Beach,1316,150.472534,-35.319695
Molong,1317,148.871261,-33.091620899999995
Mona Vale,1318,151.30910690000005,-33.6749488
Mondayong,1319,150.43985,-35.194908
Monivae,1320,149.91365,-32.729369899999995
Monkerai,1321,151.85079040000005,-32.283296
Monteagle,1322,148.36675219999995,-34.218593
Montecollum,1323,153.46524,-28.593685
Montefiores,1324,148.930603,-32.538906
Monterey,1325,151.15330500000005,-33.966885
Mooball,1326,153.488949,-28.4419427
Moonan Flat,1327,151.23790380000003,-31.925269
Moonbi,1328,151.0689352,-31.0257503
Moonee Beach,1329,153.1504302,-30.20574989999999
Mooney Mooney,1330,151.2031363,-33.5206289
Moore Creek,1331,150.866272,-30.96736
Moore Park,1332,151.221909,-33.895515
Moorebank,1333,150.939313,-33.937565
Moorland,1334,152.65132780000005,-31.7944196
Moorong,1335,147.3484906,-35.1034667
Morisset,1336,151.473468,-33.120311
Morisset Park,1337,151.530441,-33.121208
Morning Bay,1338,151.2869534,-33.6302295
Mororo,1339,153.2331691,-29.3404933
Morpeth,1340,151.6258879,-32.7251207
Mortdale,1341,151.067828,-33.964366
Mortlake,1342,151.1050311,-33.8422299
Morts Estate,1343,150.16468799999996,-33.47237399999999
Moruya,1344,150.0841598,-35.9097602
Mosman,1345,151.237833,-33.8245414
Moss Vale,1346,150.372691,-34.543565
Mossy Point,1347,150.179596,-35.836864
Mount Annan,1348,150.7581603,-34.050262700000005
Mount Burrell,1349,153.22096299999995,-28.48682
Mount Colah,1350,151.11177959999995,-33.6778186
Mount Druitt,1351,150.8097188,-33.764714399999995
Mount Fairy,1352,149.58789240000004,-35.180798100000004
Mount Frome,1353,149.64696999999995,-32.59511989999999
Mount George,1354,152.18567,-31.886269899999995
Mount Hunter,1355,150.637115,-34.071521999999995
Mount Hutton,1356,151.6724692,-32.98376390000001
Mount Keira,1357,150.85913100000005,-34.414707
Mount Kembla,1358,150.8206958,-34.4324644
Mount Knowles,1359,149.7201,-32.6200699
Mount Lambie,1360,149.99472,-33.510819899999994
Mount Lewis,1361,151.055756,-33.915958
Mount Ousley,1362,150.8816055,-34.399964000000004
Mount Panorama,1363,149.5612725,-33.4425575
Mount Pleasant,1364,150.871643,-34.39762899999999
Mount Pritchard,1365,150.9023765,-33.894838799999995
Mount Rankin,1366,149.48979530000003,-33.339002
Mount Riverview,1367,150.630005,-33.731709
Mount Thorley,1368,151.10237959999995,-32.6238886
Mount Tomah,1369,150.4229194,-33.5391909
Mount Vernon,1370,150.804023,-33.86889
Mount Victoria,1371,150.2570418,-33.5878115
Mount View,1372,151.2937202,-32.8487674
Mount Vincent,1373,151.478745,-32.917545000000004
Mount Warning,1374,153.3260955,-28.3862724
Mount Warrigal,1375,150.842185,-34.554204
Mount White,1376,151.19529440000005,-33.4526487
Mudgee,1377,149.598805,-32.607612
Mulbring,1378,151.47976780000005,-32.9061532
Mulgoa,1379,150.6494456,-33.839822600000005
Mulgrave,1380,150.8304862,-33.626628000000004
Mullaley,1381,149.910248,-31.097719
Mullaway,1382,153.19523600000005,-30.077032
Mullion Creek,1383,149.11979,-33.138639899999994
Mullumbimby,1384,153.51468400000005,-28.55468
Mulwala,1385,146.00258019999995,-35.9913304
Mumbil,1386,149.04752,-32.722719899999994
Mummulgum,1387,152.8013,-28.847912
Mundamia,1388,150.567993,-34.888054
Mungindi,1389,148.990773,-28.976637
Murrami,1390,146.30389019999996,-34.426925399999995
Murray Downs,1391,143.609507,-35.3490723
Murrays Beach,1392,151.630356,-33.121272999999995
Murringo,1393,148.519501,-34.30603
Murrumbateman,1394,149.0288351,-34.970835
Murrumburrah,1395,148.349989,-34.549263
Murrurundi,1396,150.8403366,-31.7652559
Murwillumbah,1397,153.4017189,-28.3294355
Muscle Creek,1398,150.96514019999995,-32.287561600000004
Muswellbrook,1399,150.8989664,-32.2802912
Muttama,1400,148.11792,-34.804142
Mylestom,1401,153.042755,-30.463827
Mylneford,1402,152.855362,-29.607729
Myocum,1403,153.50170930000004,-28.601563899999995
Myola,1404,150.67216499999995,-35.021702000000005
Myrtle Creek,1405,152.9456,-29.11344990000001
Nabiac,1406,152.37703009999996,-32.0996428
Nambucca Heads,1407,153.00099939999996,-30.6455239
Nana Glen,1408,153.002904,-30.124247
Narara,1409,151.34733400000005,-33.395447
Narellan,1410,150.7313498,-34.04054050000001
Narellan Vale,1411,150.73477480000003,-34.0572406
Naremburn,1412,151.20077709999995,-33.82165620000001
Narooma,1413,150.1241029,-36.214929100000006
Narrabarba,1414,149.8309399,-37.228737
Narrabeen,1415,151.2949825,-33.70183370000001
Narrabri,1416,149.777262,-30.32926
Narrandera,1417,146.554641,-34.744262
Narrawallee,1418,150.466395,-35.315162
Narraweena,1419,151.27480569999997,-33.7506795
Narromine,1420,148.2381578,-32.2320476
Narwee,1421,151.071019,-33.948179
Nashdale,1422,149.02428,-33.2886799
Neath,1423,151.407196,-32.82729700000001
Nelligen,1424,150.134705,-35.646194
Nelson,1425,150.914917,-33.660812
Nelson Bay,1426,152.14366819999995,-32.72280730000001
Nemingha,1427,150.9896388,-31.123289
Nerong,1428,152.21121200000005,-32.51149
Neutral Bay,1429,151.219295,-33.829176000000004
Nevertire,1430,147.71575,-31.8376399
New Berrima,1431,150.325409,-34.501553
New Brighton,1432,153.54953,-28.508987
New Italy,1433,153.29928600000005,-29.153299
New Lambton,1434,151.7078238,-32.9333723
New Lambton Heights,1435,151.6937064,-32.9231232
Newbridge,1436,149.36547,-33.5815999
Newcastle,1437,151.7742455,-32.9282971
Newcastle East,1438,151.78529550000005,-32.9279543
Newcastle West,1439,151.764572,-32.930552
Newington,1440,151.05424409999995,-33.8346195
Newport,1441,151.3095852,-33.659434000000005
Newrybar,1442,153.530228,-28.72115100000001
Newtown,1443,151.18266709999997,-33.89622620000001
Niagara Park,1444,151.3583325,-33.382746000000004
Nimbin,1445,153.226825,-28.593105
Nimmitabel,1446,149.28372199999995,-36.51358
Nooroo,1447,151.88925,-32.3640699
Norah Head,1448,151.564042,-33.276512
Noraville,1449,151.5597997,-33.2698411
Nords Wharf,1450,151.612015,-33.134346
Normanhurst,1451,151.090967,-33.730731
North Albury,1452,146.94634419999997,-36.06359450000001
North Arm Cove,1453,152.07998700000005,-32.61483
North Avoca,1454,151.438365,-33.457654
North Balgowlah,1455,151.251503,-33.7867065
North Batemans Bay,1456,150.18138100000004,-35.702538
North Boambee Valley,1457,153.0915552,-30.31280030000001
North Bondi,1458,151.2829209,-33.88947039999999
North Curl Curl,1459,151.2821128,-33.7593451
North Dorrigo,1460,152.6830755,-30.2913626
North Epping,1461,151.09393,-33.7587528
North Gosford,1462,151.3429539,-33.4151021
North Haven,1463,152.8102033,-31.6421146
North Lambton,1464,151.7043847,-32.9077869
North Lismore,1465,153.275327,-28.802967
North Macksville,1466,152.95027,-30.6584299
North Macquarie,1467,150.7480253,-34.565595200000004
North Manly,1468,151.2786216,-33.782011
North Narooma,1469,150.113846,-36.207527
North Narrabeen,1470,151.29486880000005,-33.7006546
North Nowra,1471,150.57175930000002,-34.858501200000006
North Parramatta,1472,151.0027016,-33.7957984
North Richmond,1473,150.720328,-33.578875
North Rocks,1474,151.02270869999995,-33.7753152
North Rothbury,1475,151.347763,-32.679108
North Ryde,1476,151.1303854,-33.8015098
North St Marys,1477,150.7758559,-33.757441799999995
North Strathfield,1478,151.0855125,-33.8528818
North Sydney,1479,151.21446640000005,-33.8404408
North Tamworth,1480,150.9244095,-31.07881649999999
North Tumbulgum,1481,153.469818,-28.268507
North Turramurra,1482,151.148173,-33.70895170000001
North Wagga Wagga,1483,147.3751211,-35.0988174
North Wahroonga,1484,151.12648000000004,-33.697121
North Willoughby,1485,151.2009783,-33.7962465
North Wollongong,1486,150.89596730000005,-34.401441299999995
North Yeoval,1487,148.654022,-32.738215999999994
Northbridge,1488,151.2182167,-33.8121985
Northmead,1489,150.99818019999995,-33.790231
Northwood,1490,151.177689,-33.8298
Nowra,1491,150.6025641,-34.8931746
Nowra Hill,1492,150.57162549999995,-34.9149333
Nulkaba,1493,151.348511,-32.810471
Nunderi,1494,153.47071830000004,-28.3239747
Nundle,1495,151.12755990000005,-31.460898600000004
Nyngan,1496,147.1959132,-31.5610686
Nyrang Creek,1497,148.55989,-33.5472899
Oak Flats,1498,150.8190837,-34.5696433
Oakdale,1499,150.502493,-34.052478
Oakhampton,1500,151.5596156,-32.696249
Oakhurst,1501,150.8432414,-33.7439834
Oakville,1502,150.8731395,-33.621184
Oaky Park,1503,150.1742553,-33.4715461
Oatlands,1504,151.03189819999997,-33.801756299999994
Oatley,1505,151.07939230000005,-33.9804701
Oberon,1506,149.854567,-33.7039977
Ocean Shores,1507,153.53536169999995,-28.509704
Old Bar,1508,152.5845051,-31.9692907
Old Erowal Bay,1509,150.650574,-35.088009
Old Guildford,1510,150.98682659999997,-33.8628788
Old Junee,1511,147.5154523,-34.8394531
Old Toongabbie,1512,150.972679,-33.7866352
One Mile,1513,152.112381,-32.776985
Ootha,1514,147.448105,-33.121311
Oran Park,1515,150.7410763,-34.010096600000004
Orange,1516,149.0833969,-33.273082
Orangeville,1517,150.62236380000004,-34.0214569
Orchard Hills,1518,150.7469696,-33.8026315
Orient Point,1519,150.747223,-34.909996
Otford,1520,151.0055905,-34.2107278
Ourimbah,1521,151.369797,-33.361159
Oxley Park,1522,150.7900572,-33.7680206
Oxley Vale,1523,150.90924099999995,-31.069412
Oyster Bay,1524,151.07571430000004,-34.0092565
Oyster Cove,1525,151.952744,-32.735481
Paddington,1526,151.2224458,-33.886942
Padstow,1527,151.03071599999996,-33.939026
Padstow Heights,1528,151.03515019999998,-33.967866
Pagewood,1529,151.209038,-33.944412
Pallamallawa,1530,150.13472219999997,-29.4744444
Palm Beach,1531,151.3190119,-33.59972400000001
Palmers Channel,1532,153.2629143,-29.4320684
Palmers Island,1533,153.288849,-29.420349
Pambula,1534,149.875473,-36.930064
Pambula Beach,1535,149.905762,-36.942307
Panania,1536,151.0035481,-33.9571032
Parkes,1537,148.1767169,-33.1449256
Parklea,1538,150.9178984,-33.7269063
Parramatta,1539,151.004614,-33.8219168
Paterson,1540,151.6180209,-32.5988988
Patonga,1541,151.273651,-33.550526
Paxton,1542,151.28323400000005,-32.902859
Peak Hill,1543,148.18267,-32.7282599
Peakhurst,1544,151.0638563,-33.9615786
Peakhurst Heights,1545,151.059204,-33.970398
Pearl Beach,1546,151.3054992,-33.540054100000006
Peats Ridge,1547,151.233336,-33.320696000000005
Pejar,1548,149.569733,-34.557384000000006
Pelaw Main,1549,151.481232,-32.830101
Pelican,1550,151.644958,-33.068871
Pemulwuy,1551,150.9229166,-33.817767700000005
Pendle Hill,1552,150.95677680000003,-33.80229779999999
Pennant Hills,1553,151.0703851,-33.736495700000006
Penrith,1554,150.70096719999995,-33.744707500000004
Penrose,1555,150.2120405,-34.672253000000005
Penshurst,1556,151.0888856,-33.963284200000004
Perisher Valley,1557,148.4117395,-36.4051915
Perthville,1558,149.5550053,-33.491854700000005
Petersham,1559,151.15065159999997,-33.8899357
Pheasants Nest,1560,150.6364276,-34.2832033
Phegans Bay,1561,151.3095768,-33.4902505
Phillip Bay,1562,151.236511,-33.981303999999994
Picketts Valley,1563,151.413589,-33.465496
Picnic Point,1564,150.993824,-33.96863
Picton,1565,150.60134230000003,-34.1919362
Pillar Valley,1566,153.16370690000005,-29.778529
Pinny Beach,1567,151.63055400000005,-33.121101
Pitt Town,1568,150.8618409,-33.587106899999995
Pleasure Point,1569,150.984039,-33.970046999999994
Plumpton,1570,150.82970509999996,-33.748119700000004
Point Clare,1571,151.3221829,-33.438847100000004
Point Frederick,1572,151.346497,-33.435329
Point Piper,1573,151.2365365,-33.8794996
Pokolbin,1574,151.29726599999995,-32.773254
Polo Flat,1575,149.1488431,-36.2248969
Port Botany,1576,151.22460900000004,-33.96904
Port Hacking,1577,151.125305,-34.067902000000004
Port Kembla,1578,150.89564,-34.478457
Port Macquarie,1579,152.890784,-31.430444
Portland,1580,150.0009355,-33.3718343
Possum Creek,1581,153.49242560000005,-28.6711852
Pottery Estate,1582,150.152847,-33.486252
Potts Point,1583,151.22483169999995,-33.8716658
Pottsville,1584,153.563453,-28.3913347
Prairiewood,1585,150.8992388,-33.8590185
Premer,1586,149.900848,-31.456987
Prestons,1587,150.888916,-33.928870399999994
Pretty Beach,1588,151.345871,-33.527111
Primbee,1589,150.87937130000003,-34.50069970000001
Prospect,1590,150.922778,-33.801326
Pucawan,1591,147.35133000000005,-34.3968099
Puddledock,1592,151.7683047,-30.3541273
Pullabooka,1593,147.76453,-33.7503099
Punchbowl,1594,151.04224130000003,-33.934214399999995
Purfleet,1595,152.4706858,-31.943514
Putney,1596,151.109432,-33.823874
Putta Bucca,1597,149.59463269999995,-32.5773196
Putty,1598,150.6733856,-33.0302352
Pymble,1599,151.1459341,-33.748786200000005
Pyree,1600,150.683624,-34.922672
Pyrmont,1601,151.1965247,-33.8745835
Quaama,1602,149.869217,-36.464573
Quakers Hill,1603,150.8973348,-33.727916
Quandary,1604,147.3156529,-34.385898299999994
Quandialla,1605,147.79838999999996,-34.0129399
Queanbeyan,1606,149.22094099999995,-35.35831620000001
Queanbeyan East,1607,149.2486164,-35.3427643
Queanbeyan West,1608,149.2061663,-35.34871120000001
Queens Park,1609,151.243882,-33.898065
Queenscliff,1610,151.2854956,-33.78313869999999
Quipolly,1611,150.65528,-31.4265599
Quirindi,1612,150.6826703,-31.508351399999995
Quorrobolong,1613,151.4258708,-32.928432300000004
Raby,1614,150.8178408,-34.01281470000001
Raglan,1615,149.6519305,-33.433424800000004
Rainbow Flat,1616,152.48934350000005,-32.0619832
Rainbow Reach,1617,153.02172480000004,-30.92765929999999
Ramornie,1618,152.757248,-29.629139
Ramsgate,1619,151.14,-33.98440000000001
Ramsgate Beach,1620,151.14483130000005,-33.98597460000001
Randwick,1621,151.2426928,-33.9033421
Rankin Park,1622,151.681778,-32.924973
Rankins Springs,1623,146.26611,-33.8418999
Rappville,1624,152.95297,-29.0866099
Rathmines,1625,151.567016,-33.03846000000001
Ravensworth,1626,151.05836000000005,-32.4419899
Raworth,1627,151.606339,-32.735157
Raymond Terrace,1628,151.7628811,-32.7559092
Razorback,1629,150.64109230000003,-34.1928305
Red Rock,1630,153.2273908,-29.9856184
Redfern,1631,151.211947,-33.893584000000004
Redhead,1632,151.710266,-33.00878
Reefton,1633,147.43482,-34.2431699
Regents Park,1634,151.01890590000005,-33.885318700000006
Regentville,1635,150.670654,-33.774719
Rennie,1636,146.13318999999996,-35.8080599
Repton,1637,153.024643,-30.439577000000003
Reserve Creek,1638,153.4707867,-28.3483432
Revesby,1639,150.9997528,-33.9373234
Revesby Heights,1640,151.02085569999997,-33.970764700000004
Rhodes,1641,151.0912482,-33.8261244
Richmond,1642,150.753591,-33.599780200000005
Riverstone,1643,150.8577685,-33.6622376
Riverview,1644,151.16442800000004,-33.820254
Riverwood,1645,151.060978,-33.942833
Robertson,1646,150.59193069999995,-34.5845206
Robin Hill,1647,149.5460412,-33.4157457
Rockdale,1648,151.14606750000004,-33.9601671
Rodd Point,1649,151.14142769999995,-33.8663675
Rookwood,1650,151.053574,-33.873898
Rooty Hill,1651,150.8456989,-33.7626502
Ropes Crossing,1652,150.782206,-33.731790000000004
Rose Bay,1653,151.270793,-33.8780319
Rosebery,1654,151.2014696,-33.9137292
Rosedale,1655,150.219635,-35.815105
Rosehill,1656,151.044444,-33.821569000000004
Roselands,1657,151.0900115,-33.93123
Rosemeadow,1658,150.79328130000005,-34.104662299999994
Roseville,1659,151.19511369999995,-33.784508200000005
Roseville Chase,1660,151.198318,-33.77523
Rossglen,1661,152.72673,-31.6631199
Rossmore,1662,150.78878999999995,-33.947378
Rothbury,1663,151.3803861,-32.7240417
Rouse Hill,1664,150.9186532,-33.6836549
Royalla,1665,149.168931,-35.525709
Rozelle,1666,151.17936830000005,-33.8644723
Rukenvale,1667,152.893936,-28.468082
Running Stream,1668,149.900513,-33.031303
Ruse,1669,150.84424,-34.069835999999995
Rushcutters Bay,1670,151.2265969,-33.878055
Russell Lea,1671,151.140313,-33.86111810000001
Russell Vale,1672,150.9011702,-34.3574196
Rutherford,1673,151.53899280000005,-32.720711800000004
Rydal,1674,150.03185469999997,-33.4839135
Rydalmere,1675,151.02883590000005,-33.811476899999995
Ryde,1676,151.130412,-33.79230100000001
Ryhope,1677,151.52445980000005,-32.9909837
Rylstone,1678,149.9708804,-32.7972533
Sackville,1679,150.876099,-33.502949
Sadleir,1680,150.88974,-33.916889000000005
Salamander Bay,1681,152.07524719999995,-32.726057899999994
Salt Ash,1682,151.90419,-32.789089000000004
San Remo,1683,151.5226322,-33.217906199999994
Sancrox,1684,152.806122,-31.466162
Sanctuary Point,1685,150.62488080000003,-35.1059926
Sandy Beach,1686,153.1986662,-30.1496158
Sandy Hollow,1687,150.5753435,-32.339208600000006
Sandy Point,1688,150.993393,-33.976097
Sans Souci,1689,151.138652,-33.98648000000001
Sapphire Beach,1690,153.1472142,-30.2394561
Saratoga,1691,151.3533084,-33.4753829
Saumarez Ponds,1692,151.67063080000003,-30.5048097
Sawtell,1693,153.087669,-30.370993
Scarborough,1694,150.9658586,-34.2649126
Scheyville,1695,150.892593,-33.602726000000004
Schofields,1696,150.887667,-33.710362700000005
Scone,1697,150.8682004,-32.040975800000005
Scotland Island,1698,151.2866955,-33.6412183
Scotts Head,1699,152.99471469999997,-30.7480829
Seaforth,1700,151.252123,-33.7967147
Seaham,1701,151.7314108,-32.6611562
Seahampton,1702,151.584702,-32.889977
Seelands,1703,152.888565,-29.636091
Sefton,1704,151.0132561,-33.884654299999994
Seven Hills,1705,150.945441,-33.77689
Shalvey,1706,150.80545949999996,-33.7293764
Shanes Park,1707,150.782235,-33.707421000000004
Shannon Brook,1708,153.0081,-28.9199199
Shannons Flat,1709,149.00798769999997,-36.0379454
Shell Cove,1710,150.86597869999997,-34.58818970000001
Shellharbour,1711,150.8668173,-34.57954779999999
Shellharbour City Centre,1712,150.8373549,-34.5632162
Shelly Beach,1713,151.48110319999995,-33.3695545
Shoal Bay,1714,152.17399780000005,-32.720609
Shoalhaven Heads,1715,150.7345371,-34.8547275
Shortland,1716,151.69656899999995,-32.883941
Silverdale,1717,150.6187065,-33.890643299999994
Silverwater,1718,151.044573,-33.837729
Singleton,1719,151.17068799999996,-32.563682
Singleton Heights,1720,151.16821299999995,-32.549175
Skennars Head,1721,153.601364,-28.830990000000003
Skillion Flat,1722,152.720978,-31.009373
Smeaton Grange,1723,150.752267,-34.032193
Smithfield,1724,150.9364739,-33.8477036
Smiths Lake,1725,152.502178,-32.381671000000004
Sofala,1726,149.69166030000005,-33.0803668
Soldiers Point,1727,152.0811871,-32.7295325
Somersby,1728,151.2893735,-33.357256400000004
South Albury,1729,146.91028569999997,-36.092405
South Bathurst,1730,149.5796729,-33.436543300000004
South Bowenfels,1731,150.126266,-33.500252
South Coogee,1732,151.2550074,-33.9284269
South Durras,1733,150.2915352,-35.66440379999999
South Golden Beach,1734,153.54753180000003,-28.4901674
South Grafton,1735,152.9350015,-29.7018756
South Granville,1736,151.0130346,-33.847435
South Gundagai,1737,148.0994647,-35.0823346
South Gundurimba,1738,153.2587688,-28.8725133
South Hurstville,1739,151.09961040000005,-33.9775079
South Kempsey,1740,152.8314907,-31.0962569
South Lismore,1741,153.2652908,-28.8119955
South Maitland,1742,151.558884,-32.749294
South Maroota,1743,150.949722,-33.48693799999999
South Murwillumbah,1744,153.40089530000003,-28.3294153
South Nowra,1745,150.6060575,-34.90850089999999
South Pambula,1746,149.8502461,-36.946019
South Penrith,1747,150.702549,-33.767258
South Tamworth,1748,150.9164739,-31.1084208
South Turramurra,1749,151.1120889,-33.74897840000001
South Wentworthville,1750,150.96792969999996,-33.827904499999995
South West Rocks,1751,153.040014,-30.894194
South Windsor,1752,150.8105459,-33.6220122
Speers Point,1753,151.621624,-32.9566566
Spencer,1754,151.158997,-33.436271999999995
Spring Farm,1755,150.7325342,-34.0645037
Spring Hill,1756,150.8760279,-34.45488270000001
Spring Ridge,1757,150.248825,-31.394297
Springdale,1758,147.76925669999997,-34.4618963
Springdale Heights,1759,146.97897890000004,-36.0228305
Springfield,1760,151.37640880000004,-33.4288913
Springwood,1761,150.57701200000002,-33.6977641
St Andrews,1762,150.82794730000003,-34.0289539
St Clair,1763,150.77132759999995,-33.788101899999994
St Georges Basin,1764,150.5981,-35.09125
St Helens Park,1765,150.8134795,-34.0974111
St Huberts Island,1766,151.350967,-33.500687000000006
St Ives Chase,1767,151.1596864,-33.7110999
St Johns Park,1768,150.8996857,-33.8785149
St Leonards,1769,151.1975937,-33.8221489
St Marys,1770,150.775224,-33.754567
St Peters,1771,151.180036,-33.91258
Stanbridge,1772,146.24298000000005,-34.5400199
Stanford Merthyr,1773,151.496246,-32.823879
Stanhope Gardens,1774,150.9200078,-33.7186167
Stanmore,1775,151.1668405,-33.8882355
Stanwell Park,1776,150.9813111,-34.2262528
Stanwell Tops,1777,150.97876000000005,-34.219814
Stockinbingal,1778,147.86815,-34.49816989999999
Stockton,1779,151.782057,-32.9145903
Stokers Siding,1780,153.405885,-28.411132
Stony Chute,1781,153.2222954,-28.5945343
Stratford,1782,151.9370879,-32.119198600000004
Strathfield,1783,151.09046740000005,-33.8882892
Strathfield South,1784,151.072815,-33.889963
Stroud,1785,151.9686291,-32.40609910000001
Stroud Road,1786,151.92998,-32.3476399
Stuart Town,1787,149.078323,-32.801193
Stuarts Point,1788,152.987335,-30.798807
Stubbo,1789,149.602026,-32.3226479
Suffolk Park,1790,153.60824730000004,-28.68797
Summer Hill,1791,151.1385365,-33.892124700000004
Summerland Point,1792,151.56508180000003,-33.1383346
Sun Valley,1793,150.594315,-33.714973
Sunshine Bay,1794,150.20372,-35.743408
Surf Beach,1795,150.209833,-35.757533
Surfside,1796,150.195676,-35.7013243
Surry Hills,1797,151.21659540000005,-33.8824071
Sussex Inlet,1798,150.57794119999997,-35.161463
Sutherland,1799,151.05744099999995,-34.0344491
Sutton,1800,149.25120619999996,-35.1441063
Sutton Forest,1801,150.320557,-34.568515999999995
Swan Bay,1802,153.3027827,-29.0514087
Swanhaven,1803,150.562958,-35.19436599999999
Swansea,1804,151.6365513,-33.0895037
Swansea Heads,1805,151.658493,-33.092583000000005
Sydenham,1806,151.16615080000003,-33.9161143
Sydney,1807,151.2045785,-33.870282200000005
Sydney Olympic Park,1808,151.0713518,-33.846364
Sylvania,1809,151.0912136,-34.0112261
Sylvania Waters,1810,151.1158108,-34.0190415
Tabulam,1811,152.56938200000005,-28.887424
Tacoma South,1812,151.45365900000004,-33.286365999999994
Tahmoor,1813,150.58147780000004,-34.2346304
Talbingo,1814,148.29866869999995,-35.5822361
Tallimba,1815,147.01113999999995,-34.0421999
Tallong,1816,150.0864427,-34.718271
Tamarama,1817,151.26889,-33.899059
Tamban,1818,152.8415679,-30.8549537
Tambar Springs,1819,149.828751,-31.345791
Taminda,1820,150.901289,-31.098085
Tamworth,1821,150.9108875,-31.0923783
Tanilba Bay,1822,152.00145890000005,-32.7360039
Tanja,1823,149.991188,-36.625413
Tantonan,1824,144.55353,-35.7188199
Tarago,1825,149.6547592,-35.0691558
Taralga,1826,149.8194565,-34.3987498
Tarana,1827,149.9075144,-33.5242199
Tarbuck Bay,1828,152.48331299999995,-32.369456
Tarcutta,1829,147.7367572,-35.2768338
Taree,1830,152.450701,-31.901474
Taree South,1831,152.46733369999995,-31.9349144
Taren Point,1832,151.1243258,-34.0207365
Tarrawanna,1833,150.889395,-34.381743
Tarro,1834,151.669836,-32.8090802
Tascott,1835,151.31268,-33.450433000000004
Tathra,1836,149.980782,-36.7331614
Tatton,1837,147.359894,-35.166645
Taylors Beach,1838,152.06882199999995,-32.7510049
Tea Gardens,1839,152.15914119999997,-32.665885
Telarah,1840,151.5276396,-32.728323
Telegraph Point,1841,152.80053999999996,-31.3226399
Telopea,1842,151.04121669999995,-33.79340139999999
Temora,1843,147.548002,-34.447593
Tempe,1844,151.1647644,-33.9211896
Tenambit,1845,151.60393159999995,-32.7435471
Tennyson Point,1846,151.1169728,-33.8328155
Tenterfield,1847,152.0212158,-29.0405158
Teralba,1848,151.602382,-32.9665101
Terara,1849,150.629715,-34.865013
Termeil,1850,150.339233,-35.485649
Terranora,1851,153.5018875,-28.2401126
Terrey Hills,1852,151.223934,-33.68293189999999
Terrigal,1853,151.4393294,-33.441197100000004
Teven,1854,153.488144,-28.810366
The Channon,1855,153.279984,-28.674536
The Entrance,1856,151.494427,-33.3465
The Entrance North,1857,151.5056054,-33.3305724
The Junction,1858,151.75986,-32.938395
The Oaks,1859,150.57045,-34.080155
The Ponds,1860,150.911855,-33.705955
The Risk,1861,152.94125780000005,-28.4798882
The Rock,1862,147.1185383,-35.2704102
The Rocks,1863,151.2084878,-33.8573696
Theresa Park,1864,150.612564,-33.995575
Thirlmere,1865,150.56835130000005,-34.2034233
Thirroul,1866,150.921831,-34.315309
Thora,1867,152.8012645,-30.420215
Thornleigh,1868,151.0837564,-33.7229873
Thornton,1869,151.6202382,-32.788365500000005
Thredbo,1870,148.30696799999996,-36.5039174
Thrumster,1871,152.8284554,-31.4580369
Thurgoona,1872,146.96218169999997,-36.06465220000001
Tighes Hill,1873,151.7581068,-32.907129600000005
Tilba Tilba,1874,150.05496200000005,-36.337185
Timbumburi,1875,150.9047574,-31.302527
Tingha,1876,151.21191399999995,-29.955948
Tingira Heights,1877,151.6662269,-32.9959002
Tinonee,1878,152.4030971,-31.93945459999999
Tintenbar,1879,153.5128165,-28.79723520000001
Tintinhull,1880,151.02156000000005,-31.0881699
Tiona,1881,152.519882,-32.304771
Tirrannaville,1882,149.6468889,-34.8649529
Tocumwal,1883,145.5641375,-35.8113782
Tolland,1884,147.3518433,-35.1446282
Tomago,1885,151.7025755,-32.8201131
Tomakin,1886,150.186243,-35.823331
Tomerong,1887,150.5736844,-35.064972999999995
Tomingley,1888,148.1531868,-32.572382899999994
Tooleybuc,1889,143.336798,-35.0279019
Tooma,1890,148.0583355,-35.9679454
Toongabbie,1891,150.93972250000004,-33.7941989
Toormina,1892,153.09213269999995,-30.3623188
Tootool,1893,146.99794,-35.25958989999999
Toowoon Bay,1894,151.497022,-33.360149
Toronto,1895,151.59806650000004,-33.0148841
Toukley,1896,151.531553,-33.26305200000001
Townsend,1897,153.225019,-29.46676
Towradgi,1898,150.896858,-34.3829265
Towrang,1899,149.7891869,-34.723874
Trangie,1900,147.9782757,-32.0279272
Tregear,1901,150.79581330000005,-33.7448815
Trentham Cliffs,1902,142.24617030000005,-34.23031140000001
Trundle,1903,147.71036999999995,-32.9166799
Trunkey Creek,1904,149.32470700000005,-33.819427000000005
Tubbul,1905,147.93692,-34.2561999
Tucki Tucki,1906,153.3268175,-28.9025699
Tuena,1907,149.318586,-33.956729
Tuggerah,1908,151.417056,-33.3046001
Tuggerawong,1909,151.4796224,-33.2812843
Tullamore,1910,147.56584650000005,-32.631899100000005
Tullera,1911,153.301651,-28.757017
Tullibigeal,1912,146.72123,-33.4178399
Tullimbar,1913,150.754639,-34.574207
Tumbarumba,1914,148.0105511,-35.7744842
Tumbi Umbi,1915,151.4443557,-33.3633013
Tumblong,1916,148.00975,-35.136059
Tumbulgum,1917,153.462677,-28.27412600000001
Tumut,1918,148.2205138,-35.302213
Tuncurry,1919,152.4986715,-32.1740841
Tuntable Creek,1920,153.265854,-28.631207
Tura Beach,1921,149.9159179,-36.8641424
Tuross Head,1922,150.119868,-36.043243
Turramurra,1923,151.13133100000005,-33.7202493
Turrella,1924,151.14322040000005,-33.9292125
Turvey Park,1925,147.3773637,-35.1217859
Tweed Heads,1926,153.52395769999995,-28.175716
Tweed Heads South,1927,153.5343475,-28.2070451
Tweed Heads West,1928,153.52810300000004,-28.1768574
Tyagarah,1929,153.545479,-28.585878000000005
Tyalgum,1930,153.2063446,-28.3565235
Uki,1931,153.3314092,-28.4144339
Ulamambri,1932,149.38407,-31.3310399
Ulladulla,1933,150.4764206,-35.3504261
Ulmarra,1934,153.03032969999995,-29.62803520000001
Ulong,1935,152.88549730000003,-30.2407396
Ultimo,1936,151.19718,-33.881344
Umina Beach,1937,151.3203107,-33.5219093
Unanderra,1938,150.84304,-34.461634000000004
Ungarie,1939,146.975226,-33.64058000000001
Upper Burringbar,1940,153.406467,-28.4505865
Upper Manilla,1941,150.671906,-30.632519
Upper Myall,1942,152.180801,-32.271214
Upper Wilsons Creek,1943,153.38692769999997,-28.5239082
Uralla,1944,151.4909629,-30.6502297
Urana,1945,146.2666944,-35.331556
Uranquinty,1946,147.2471122,-35.1925451
Urbenville,1947,152.54799340000002,-28.472979
Urunga,1948,153.009528,-30.4879674
Utungun,1949,152.84539840000005,-30.7196628
Vacy,1950,151.5742656,-32.5418129
Valentine,1951,151.6354028,-33.0098222
Valla,1952,152.9615416,-30.5625238
Valla Beach,1953,153.01101210000004,-30.5926827
Valley Heights,1954,150.5817966,-33.701632399999994
Varroville,1955,150.821899,-34.008713
Vaucluse,1956,151.278232,-33.859651
Villawood,1957,150.9800564,-33.8804488
Vincentia,1958,150.6758668,-35.069930799999995
Vineyard,1959,150.84135759999995,-33.632618900000004
Vittoria,1960,149.36519819999995,-33.4358341
Voyager Point,1961,150.9720816,-33.9632228
Wadalba,1962,151.45263590000005,-33.2636268
Wagga Wagga,1963,147.3424072,-35.125316600000005
Wagstaffe,1964,151.342804,-33.523418
Wahroonga,1965,151.11664299999995,-33.719704
Waitara,1966,151.1031517,-33.7097669
Wakeley,1967,150.9113728,-33.869896600000004
Wakool,1968,144.39628000000005,-35.469838
Walcha Road,1969,151.59588090000003,-30.985921500000003
Walla Walla,1970,146.9005093,-35.7674874
Wallabadah,1971,150.82981,-31.53881
Wallabi Point,1972,152.56170869999997,-31.9827647
Wallacia,1973,150.6501312,-33.897499
Wallaga Lake,1974,150.07218899999995,-36.378437
Wallagoot,1975,149.92996200000005,-36.763981
Wallalong,1976,151.65337140000003,-32.6951455
Wallarah,1977,151.45408600000005,-33.241615
Wallarobba,1978,151.68634440000002,-32.5020231
Wallendbeen,1979,148.1590556,-34.5217451
Wallerawang,1980,150.06816640000002,-33.4074925
Wallsend,1981,151.6718605,-32.8989535
Wamberal,1982,151.4459192,-33.41867
Wamboin,1983,149.2988447,-35.2513363
Wambool,1984,149.74805,-33.5014899
Wandandian,1985,150.51212900000004,-35.0875249
Wangi Wangi,1986,151.5882733,-33.0704704
Warabrook,1987,151.7145863,-32.8902935
Waratah,1988,151.722219,-32.898644
Waratah West,1989,151.718048,-32.895565000000005
Wardell,1990,153.4661294,-28.95177
Wards River,1991,151.93671840000005,-32.22096380000001
Wareemba,1992,151.1311726,-33.8577143
Warialda,1993,150.57429530000005,-29.5430907
Warialda Rail,1994,150.53723100000005,-29.58161
Warilla,1995,150.859252,-34.55874
Warners Bay,1996,151.64881599999995,-32.968039000000005
Warnervale,1997,151.4224122,-33.233631800000005
Warragai Creek,1998,152.98866999999996,-29.5481799
Warragamba,1999,150.6039634,-33.8911541
Warragoon,2000,145.17463700000005,-35.59964799999999
Warral,2001,150.86345,-31.1595199
Warrawee,2002,151.121658,-33.724178
Warrawong,2003,150.88961819999997,-34.4926104
Warrell Creek,2004,152.8928974,-30.7703522
Warren,2005,147.8339719,-31.7032252
Warriewood,2006,151.2903904,-33.681493
Warrimoo,2007,150.6027852,-33.7222516
Warwick Farm,2008,150.92307759999997,-33.912573200000004
Watanobbi,2009,151.42945759999995,-33.2731611
Waterfall,2010,150.9944924,-34.134502000000005
Waterloo,2011,151.1999835,-33.8992455
Waterview Heights,2012,152.871748,-29.663918
Watsons Bay,2013,151.2838878,-33.8443689
Wattamondara,2014,148.606167,-33.9392029
Wattle Flat,2015,149.6932309,-33.1411073
Wattle Grove,2016,150.9443511,-33.955203999999995
Wauchope,2017,152.7262591,-31.457591
Waverley,2018,151.254446,-33.900873
Waverton,2019,151.1957655,-33.8384237
Wedderburn,2020,150.818573,-34.13538
Wee Jasper,2021,148.6610695,-35.057253
Wee Waa,2022,149.4420942,-30.2255853
Weedallion,2023,147.93835,-34.1948399
Weetaliba,2024,149.58553,-31.6398999
Weethalle,2025,146.6206,-33.8765199
Weismantels,2026,151.94400090000005,-32.2569089
Welby,2027,150.42164340000005,-34.4410316
Wellington,2028,148.9467563,-32.5539731
Wells Crossing,2029,153.059479,-29.892488
Wentworth Falls,2030,150.374877,-33.7103541
Wentworth Point,2031,151.07565780000004,-33.8289501
Wentworthville,2032,150.9714186,-33.804694399999995
Werombi,2033,150.593918,-33.982632
Werri Beach,2034,150.833115,-34.735912
Werrington,2035,150.75668480000004,-33.7676524
Werrington County,2036,150.74166069999995,-33.7465473
Werrington Downs,2037,150.735466,-33.740800799999995
Werris Creek,2038,150.646955,-31.351284000000003
West Albury,2039,146.88692659999995,-36.069875
West Ballina,2040,153.5359671,-28.8643461
West Bathurst,2041,149.558624,-33.411861
West Gosford,2042,151.3192323,-33.42229349999999
West Hoxton,2043,150.8316066,-33.9212968
West Kempsey,2044,152.8278064,-31.081148
West Nowra,2045,150.593521,-34.891834
West Pennant Hills,2046,151.0404115,-33.754256899999994
West Pymble,2047,151.1285255,-33.7620792
West Ryde,2048,151.093316,-33.810333
West Tamworth,2049,150.9044811,-31.0972142
West Wallsend,2050,151.582719,-32.902721
West Wiangaree,2051,152.9555334,-28.4994589
West Wollongong,2052,150.873448,-34.4248725
West Wyalong,2053,147.20857560000005,-33.9229795
Westbrook,2054,151.2914843,-32.4576461
Westdale,2055,150.878231,-31.09533
Westleigh,2056,151.0689469,-33.720421
Westmead,2057,150.98855369999995,-33.8092224
Weston,2058,151.4438042,-32.8125022
Wetherill Park,2059,150.9141401,-33.8474607
Whalan,2060,150.813324,-33.754852
Whale Beach,2061,151.33005459999995,-33.610983000000004
Wheeler Heights,2062,151.277908,-33.732758000000004
Whitebridge,2063,151.700248,-32.9863851
Whiteman Creek,2064,152.839951,-29.581217
Whittingham,2065,151.20001000000005,-32.6044299
Whitton,2066,146.182861,-34.517727
Wiangaree,2067,152.96552,-28.51252
Wickham,2068,151.7568434,-32.9206793
Wilberforce,2069,150.8589818,-33.5468763
Wiley Park,2070,151.069249,-33.925090000000004
Willawarrin,2071,152.62794499999995,-30.930237
Willbriggie,2072,145.9997211,-34.567552500000005
Williamtown,2073,151.79501000000005,-32.812929
Willmot,2074,150.7892,-33.725613
Willoughby,2075,151.19974480000005,-33.803882
Willoughby East,2076,151.203903,-33.797436
Willow Tree,2077,150.7266846,-31.64912
Wilton,2078,150.6836832,-34.2285985
Wimbledon,2079,149.43175,-33.5437399
Windale,2080,151.68256340000005,-32.9927366
Windang,2081,150.8685724,-34.53169510000001
Windella,2082,151.478668,-32.70417
Windermere Park,2083,151.529968,-33.114887
Windradyne,2084,149.5461559,-33.404957
Windsor,2085,150.80620119999998,-33.6248877
Windsor Downs,2086,150.81,-33.657
Wingello,2087,150.1577179,-34.6929233
Wingen,2088,150.8808972,-31.8958446
Wingham,2089,152.3609935,-31.86803069999999
Winmalee,2090,150.5997763,-33.6823561
Winston Hills,2091,150.9690678,-33.7729627
Wirragulla,2092,151.7425137,-32.4629344
Wirrimbi,2093,152.923141,-30.666615000000004
Wirrinya,2094,147.80383999999995,-33.672019899999995
Wisemans Ferry,2095,150.98593,-33.384905
Wolgan Valley,2096,150.195667,-33.2528788
Wollar,2097,149.9502946,-32.360299
Wolli Creek,2098,151.1516757,-33.93444760000001
Wollombi,2099,151.1421575,-32.9378156
Wollongbar,2100,153.40411509999996,-28.8144006
Wollongong,2101,150.89004409999995,-34.43477539999999
Wollstonecraft,2102,151.1915379,-33.8324211
Wollumboola,2103,150.710342,-34.940909999999995
Wollun,2104,151.42887,-30.84150989999999
Wolumla,2105,149.8099333,-36.83383329999999
Wombarra,2106,150.9532816,-34.2756766
Wombat,2107,148.23128369999995,-34.4128414
Wombeyan Caves,2108,149.96928459999995,-34.3088155
Womboota,2109,144.6705,-35.91511989999999
Wondabyne,2110,151.2569349,-33.4921365
Wondalga,2111,148.121094,-35.40853900000001
Wongarbon,2112,148.75986,-32.3353899
Wongawilli,2113,150.763779,-34.478359000000005
Wongwibinda,2114,152.171391,-30.298357
Woodberry,2115,151.6733658,-32.7912842
Woodbine,2116,150.8258791,-34.049124799999994
Woodburn,2117,153.34249680000005,-29.07186909999999
Woodcroft,2118,150.879471,-33.748577000000004
Woodenbong,2119,152.61225459999997,-28.3887413
Woodford,2120,150.4711709,-33.7352358
Woodford Island,2121,153.116135,-29.495516
Woodlawn,2122,153.29318500000005,-28.785932
Woodpark,2123,150.9634822,-33.841032500000004
Woodrising,2124,151.6060424,-32.982037899999995
Woodstock,2125,150.4184804,-35.33874870000001
Woolbrook,2126,151.35263,-30.9645199
Woolgoolga,2127,153.19270790000004,-30.1246005
Wooli,2128,153.2658249,-29.86690849999999
Woollahra,2129,151.2371103,-33.890500200000005
Woollamia,2130,150.6594145,-35.0298378
Woolloomooloo,2131,151.2155164,-33.87286450000001
Woolooware,2132,151.14080800000005,-34.052741
Wooloweyah,2133,153.345459,-29.47972099999999
Woolwich,2134,151.1707158,-33.84012209999999
Woomargama,2135,147.324422,-35.911455
Woombah,2136,153.282501,-29.360332
Woongarrah,2137,151.49381,-33.2419291
Woonona,2138,150.9043811,-34.3486348
Wootton,2139,152.3029324,-32.296436
Woronora,2140,151.0408086,-34.029687
Woronora Heights,2141,151.02739,-34.035282
Worrigee,2142,150.62893380000003,-34.9024994
Woy Woy,2143,151.32161340000005,-33.4934605
Woy Woy Bay,2144,151.313293,-33.48362
Wyalong,2145,147.3484618,-33.9348176
Wyangala,2146,148.947678,-33.966946
Wyee,2147,151.4805363,-33.1749617
Wyee Point,2148,151.519821,-33.14513
Wymah,2149,147.2660984,-36.0391995
Wyoming,2150,151.3456397,-33.3994409
Wyong,2151,151.4258571,-33.2861595
Wyong Creek,2152,151.3280946,-33.2555138
Wyongah,2153,151.487595,-33.269787
Yagoona,2154,151.02128290000005,-33.897525200000004
Yallah,2155,150.783766,-34.54144470000001
Yamba,2156,153.3514455,-29.439314000000003
Yanco,2157,146.40572,-34.6039999
Yanderra,2158,150.5731057,-34.3225219
Yanga,2159,143.557443,-34.635844
Yannergee,2160,150.03423,-31.4447599
Yarra,2161,149.6315726,-34.786044700000005
Yarrabandai,2162,147.56925,-33.1293999
Yarramalong,2163,151.279056,-33.224268
Yarramundi,2164,150.6697604,-33.639980200000004
Yarravel,2165,152.738464,-31.036203000000004
Yarrawarrah,2166,151.03298999999996,-34.054375
Yarrawonga Park,2167,151.544342,-33.101078
Yarrowyck,2168,151.376266,-30.475578
Yass,2169,148.9077154,-34.8290036
Yathella,2170,147.465302,-34.927292
Yattalunga,2171,151.36303700000005,-33.46729699999999
Yatte Yattah,2172,150.4306107,-35.2623609
Yellow Rock,2173,150.641922,-33.696739
Yenda,2174,146.1892247,-34.2468682
Yennora,2175,150.9595989,-33.8582874
Yeoval,2176,148.6492151,-32.752871299999995
Yerong Creek,2177,147.05809,-35.387249
Yerrinbool,2178,150.5413353,-34.3720597
Yerriyong,2179,150.5287835,-34.9441728
Yetholme,2180,149.829102,-33.446490999999995
Yetman,2181,150.778198,-28.904196
Yoogali,2182,146.084365,-34.300498
Young,2183,148.2956131,-34.3119467
Yowie Bay,2184,151.1045549,-34.04441449999999
Zetland,2185,151.2074949,-33.9068178
